Package,Version,Priority,Depends,Imports,LinkingTo,Suggests,Enhances,License,Built
easypackages,0.1.0,NA,R (>= 3.0.0),"assertthat, devtools, utils",NA,"knitr, rmarkdown",NA,MIT + file LICENSE,4.4.1
assertthat,0.2.1,NA,NA,tools,NA,"testthat, covr",NA,GPL-3,4.4.1
devtools,2.4.5,NA,"R (>= 3.0.2), usethis (>= 2.1.6)","cli (>= 3.3.0), desc (>= 1.4.1), ellipsis (>= 0.3.2), fs (>=
1.5.2), lifecycle (>= 1.0.1), memoise (>= 2.0.1), miniUI (>=
0.1.1.1), pkgbuild (>= 1.3.1), pkgdown (>= 2.0.6), pkgload (>=
1.3.0), profvis (>= 0.3.7), rcmdcheck (>= 1.4.0), remotes (>=
2.4.2), rlang (>= 1.0.4), roxygen2 (>= 7.2.1), rversions (>=
2.1.1), sessioninfo (>= 1.2.2), stats, testthat (>= 3.1.5),
tools, urlchecker (>= 1.0.1), utils, withr (>= 2.5.0)",NA,"BiocManager (>= 1.30.18), callr (>= 3.7.1), covr (>= 3.5.1),
curl (>= 4.3.2), digest (>= 0.6.29), DT (>= 0.23), foghorn (>=
1.4.2), gh (>= 1.3.0), gmailr (>= 1.0.1), httr (>= 1.4.3),
knitr (>= 1.39), lintr (>= 3.0.0), MASS, mockery (>= 0.4.3),
pingr (>= 2.0.1), rhub (>= 1.1.1), rmarkdown (>= 2.14),
rstudioapi (>= 0.13), spelling (>= 2.2)",NA,MIT + file LICENSE,4.4.1
cli,3.6.2,NA,R (>= 3.4),utils,NA,"callr, covr, crayon, digest, glue (>= 1.6.0), grDevices,
htmltools, htmlwidgets, knitr, methods, mockery, processx, ps
(>= 1.3.4.9000), rlang (>= 1.0.2.9003), rmarkdown, rprojroot,
rstudioapi, testthat, tibble, whoami, withr",NA,MIT + file LICENSE,4.4.1
desc,1.4.3,NA,R (>= 3.4),"cli, R6, utils",NA,"callr, covr, gh, spelling, testthat, whoami, withr",NA,MIT + file LICENSE,4.4.1
R6,2.5.1,NA,R (>= 3.0),NA,NA,"testthat, pryr",NA,MIT + file LICENSE,4.4.1
ellipsis,0.3.2,NA,R (>= 3.2),rlang (>= 0.3.0),NA,"covr, testthat",NA,MIT + file LICENSE,4.4.1
rlang,1.1.4,NA,R (>= 3.5.0),utils,NA,"cli (>= 3.1.0), covr, crayon, fs, glue, knitr, magrittr,
methods, pillar, rmarkdown, stats, testthat (>= 3.0.0), tibble,
usethis, vctrs (>= 0.2.3), withr",winch,MIT + file LICENSE,4.4.1
fs,1.6.4,NA,R (>= 3.6),methods,NA,"covr, crayon, knitr, pillar (>= 1.0.0), rmarkdown, spelling,
testthat (>= 3.0.0), tibble (>= 1.1.0), vctrs (>= 0.3.0), withr",NA,MIT + file LICENSE,4.4.1
lifecycle,1.0.4,NA,R (>= 3.6),"cli (>= 3.4.0), glue, rlang (>= 1.1.0)",NA,"covr, crayon, knitr, lintr, rmarkdown, testthat (>= 3.0.1),
tibble, tidyverse, tools, vctrs, withr",NA,MIT + file LICENSE,4.4.1
glue,1.7.0,NA,R (>= 3.6),methods,NA,"crayon, DBI (>= 1.2.0), dplyr, knitr, magrittr, rlang,
rmarkdown, RSQLite, testthat (>= 3.2.0), vctrs (>= 0.3.0),
waldo (>= 0.3.0), withr",NA,MIT + file LICENSE,4.4.1
memoise,2.0.1,NA,NA,"rlang (>= 0.4.10), cachem",NA,"digest, aws.s3, covr, googleAuthR, googleCloudStorageR, httr,
testthat",NA,MIT + file LICENSE,4.4.1
cachem,1.1.0,NA,NA,"rlang, fastmap (>= 1.2.0)",NA,testthat,NA,MIT + file LICENSE,4.4.1
fastmap,1.2.0,NA,NA,NA,NA,testthat (>= 2.1.1),NA,MIT + file LICENSE,4.4.1
miniUI,0.1.1.1,NA,NA,"shiny (>= 0.13), htmltools (>= 0.3), utils",NA,NA,NA,GPL-3,4.4.1
htmltools,0.5.8.1,NA,R (>= 2.14.1),"base64enc, digest, fastmap (>= 1.1.0), grDevices, rlang (>=
1.0.0), utils",NA,"Cairo, markdown, ragg, shiny, testthat, withr",knitr,GPL (>= 2),4.4.1
base64enc,0.1-3,NA,R (>= 2.9.0),NA,NA,NA,png,GPL-2 | GPL-3,4.4.1
digest,0.6.35,NA,R (>= 3.3.0),utils,NA,"tinytest, simplermarkdown",NA,GPL (>= 2),4.4.1
shiny,1.8.1.1,NA,"R (>= 3.0.2), methods","utils, grDevices, httpuv (>= 1.5.2), mime (>= 0.3), jsonlite
(>= 0.9.16), xtable, fontawesome (>= 0.4.0), htmltools (>=
0.5.4), R6 (>= 2.0), sourcetools, later (>= 1.0.0), promises
(>= 1.1.0), tools, crayon, rlang (>= 0.4.10), fastmap (>=
1.1.1), withr, commonmark (>= 1.7), glue (>= 1.3.2), bslib (>=
0.3.0), cachem, lifecycle (>= 0.2.0)",NA,"datasets, DT, Cairo (>= 1.5-5), testthat (>= 3.0.0), knitr
(>= 1.6), markdown, rmarkdown, ggplot2, reactlog (>= 1.0.0),
magrittr, yaml, future, dygraphs, ragg, showtext, sass",NA,GPL-3 | file LICENSE,4.4.1
bslib,0.7.0,NA,R (>= 2.10),"base64enc, cachem, fastmap (>= 1.1.1), grDevices, htmltools
(>= 0.5.8), jquerylib (>= 0.1.3), jsonlite, lifecycle, memoise
(>= 2.0.1), mime, rlang, sass (>= 0.4.9)",NA,"bsicons, curl, fontawesome, future, ggplot2, knitr, magrittr,
rappdirs, rmarkdown (>= 2.7), shiny (>= 1.8.1), testthat,
thematic, withr",NA,MIT + file LICENSE,4.4.1
jquerylib,0.1.4,NA,NA,htmltools,NA,testthat,NA,MIT + file LICENSE,4.4.1
jsonlite,1.8.8,NA,methods,NA,NA,"httr, vctrs, testthat, knitr, rmarkdown, R.rsp, sf",NA,MIT + file LICENSE,4.4.1
mime,0.12,NA,NA,tools,NA,NA,NA,GPL,4.4.1
sass,0.4.9,NA,NA,"fs (>= 1.2.4), rlang (>= 0.4.10), htmltools (>= 0.5.1), R6,
rappdirs",NA,"testthat, knitr, rmarkdown, withr, shiny, curl",NA,MIT + file LICENSE,4.4.1
rappdirs,0.3.3,NA,R (>= 3.2),NA,NA,"roxygen2, testthat (>= 3.0.0), covr, withr",NA,MIT + file LICENSE,4.4.1
commonmark,1.9.1,NA,NA,NA,NA,"curl, testthat, xml2",NA,BSD_2_clause + file LICENSE,4.4.1
crayon,1.5.2,NA,NA,"grDevices, methods, utils",NA,"mockery, rstudioapi, testthat, withr",NA,MIT + file LICENSE,4.4.1
fontawesome,0.5.2,NA,R (>= 3.3.0),"rlang (>= 1.0.6), htmltools (>= 0.5.1.1)",NA,"covr, dplyr (>= 1.0.8), knitr (>= 1.31), testthat (>= 3.0.0),
rsvg",NA,MIT + file LICENSE,4.4.1
httpuv,1.6.15,NA,R (>= 2.15.1),"later (>= 0.8.0), promises, R6, Rcpp (>= 1.0.7), utils","later, Rcpp","callr, curl, testthat, websocket",NA,GPL (>= 2) | file LICENSE,4.4.1
later,1.3.2,NA,NA,"Rcpp (>= 0.12.9), rlang",Rcpp,"knitr, rmarkdown, testthat (>= 2.1.0)",NA,MIT + file LICENSE,4.4.1
Rcpp,1.0.12,NA,NA,"methods, utils",NA,"tinytest, inline, rbenchmark, pkgKitten (>= 0.1.2)",NA,GPL (>= 2),4.4.1
promises,1.3.0,NA,NA,"fastmap (>= 1.1.0), later, magrittr (>= 1.5), R6, Rcpp, rlang,
stats","later, Rcpp","future (>= 1.21.0), knitr, purrr, rmarkdown, spelling,
testthat, vembedr",NA,MIT + file LICENSE,4.4.1
magrittr,2.0.3,NA,R (>= 3.4.0),NA,NA,"covr, knitr, rlang, rmarkdown, testthat",NA,MIT + file LICENSE,4.4.1
sourcetools,0.1.7-1,NA,R (>= 3.0.2),NA,NA,testthat,NA,MIT + file LICENSE,4.4.1
withr,3.0.0,NA,R (>= 3.5.0),"graphics, grDevices,",NA,"callr, covr, DBI, knitr, lattice, methods, rlang, rmarkdown
(>= 2.12), RSQLite, testthat (>= 3.0.0)",NA,MIT + file LICENSE,4.4.1
xtable,1.8-4,NA,R (>= 2.10.0),"stats, utils",NA,"knitr, plm, zoo, survival",NA,GPL (>= 2),4.4.1
pkgbuild,1.4.4,NA,R (>= 3.5),"callr (>= 3.2.0), cli (>= 3.4.0), desc, processx, R6",NA,"covr, cpp11, knitr, mockery, Rcpp, rmarkdown, testthat (>=
3.0.0), withr (>= 2.3.0)",NA,MIT + file LICENSE,4.4.1
callr,3.7.6,NA,R (>= 3.4),"processx (>= 3.6.1), R6, utils",NA,"asciicast (>= 2.3.1), cli (>= 1.1.0), mockery, ps, rprojroot,
spelling, testthat (>= 3.2.0), withr (>= 2.3.0)",NA,MIT + file LICENSE,4.4.1
processx,3.8.4,NA,R (>= 3.4.0),"ps (>= 1.2.0), R6, utils",NA,"callr (>= 3.7.3), cli (>= 3.3.0), codetools, covr, curl,
debugme, parallel, rlang (>= 1.0.2), testthat (>= 3.0.0),
webfakes, withr",NA,MIT + file LICENSE,4.4.1
ps,1.7.6,NA,R (>= 3.4),utils,NA,"callr, covr, curl, pillar, pingr, processx (>= 3.1.0), R6,
rlang, testthat (>= 3.0.0), webfakes",NA,MIT + file LICENSE,4.4.1
pkgdown,2.0.9,NA,R (>= 3.6),"bslib (>= 0.5.1), callr (>= 3.7.3), cli (>= 3.6.1), desc (>=
1.4.0), digest, downlit (>= 0.4.0), fs (>= 1.4.0), httr (>=
1.4.2), jsonlite, magrittr, memoise, purrr (>= 1.0.0), ragg,
rlang (>= 1.1.0), rmarkdown (>= 1.1.9007), tibble, whisker,
withr (>= 2.4.3), xml2 (>= 1.3.1), yaml",NA,"covr, diffviewer, evaluate, gert, htmltools, htmlwidgets,
knitr, lifecycle, methods, openssl, pkgload (>= 1.0.2),
rsconnect, rstudioapi, rticles, rvest, sass, testthat (>=
3.1.3), tools",NA,MIT + file LICENSE,4.4.1
downlit,0.4.4,NA,R (>= 4.0.0),"brio, desc, digest, evaluate, fansi, memoise, rlang, vctrs,
withr, yaml",NA,"covr, htmltools, jsonlite, MASS, MassSpecWavelet, pkgload,
rmarkdown, testthat (>= 3.0.0), xml2",NA,MIT + file LICENSE,4.4.1
brio,1.1.5,NA,R (>= 3.6),NA,NA,"covr, testthat (>= 3.0.0)",NA,MIT + file LICENSE,4.4.1
evaluate,0.24.0,NA,R (>= 4.0.0),methods,NA,"covr, ggplot2, lattice, rlang, testthat (>= 3.0.0), withr",NA,MIT + file LICENSE,4.4.1
fansi,1.0.6,NA,R (>= 3.1.0),"grDevices, utils",NA,"unitizer, knitr, rmarkdown",NA,GPL-2 | GPL-3,4.4.1
vctrs,0.6.5,NA,R (>= 3.5.0),"cli (>= 3.4.0), glue, lifecycle (>= 1.0.3), rlang (>= 1.1.0)",NA,"bit64, covr, crayon, dplyr (>= 0.8.5), generics, knitr,
pillar (>= 1.4.4), pkgdown (>= 2.0.1), rmarkdown, testthat (>=
3.0.0), tibble (>= 3.1.3), waldo (>= 0.2.0), withr, xml2,
zeallot",NA,MIT + file LICENSE,4.4.1
yaml,2.3.8,NA,NA,NA,NA,RUnit,NA,BSD_3_clause + file LICENSE,4.4.1
httr,1.4.7,NA,R (>= 3.5),"curl (>= 5.0.2), jsonlite, mime, openssl (>= 0.8), R6",NA,"covr, httpuv, jpeg, knitr, png, readr, rmarkdown, testthat
(>= 0.8.0), xml2",NA,MIT + file LICENSE,4.4.1
curl,5.2.1,NA,R (>= 3.0.0),NA,NA,"spelling, testthat (>= 1.0.0), knitr, jsonlite, later,
rmarkdown, httpuv (>= 1.4.4), webutils",NA,MIT + file LICENSE,4.4.1
openssl,2.2.0,NA,NA,askpass,NA,"curl, testthat (>= 2.1.0), digest, knitr, rmarkdown,
jsonlite, jose, sodium",NA,MIT + file LICENSE,4.4.1
askpass,1.2.0,NA,NA,sys (>= 2.1),NA,testthat,NA,MIT + file LICENSE,4.4.1
sys,3.4.2,NA,NA,NA,NA,"unix (>= 1.4), spelling, testthat",NA,MIT + file LICENSE,4.4.1
purrr,1.0.2,NA,R (>= 3.5.0),"cli (>= 3.6.1), lifecycle (>= 1.0.3), magrittr (>= 1.5.0),
rlang (>= 1.1.1), vctrs (>= 0.6.3)",cli,"covr, dplyr (>= 0.7.8), httr, knitr, lubridate, rmarkdown,
testthat (>= 3.0.0), tibble, tidyselect",NA,MIT + file LICENSE,4.4.1
ragg,1.3.2,NA,NA,"systemfonts (>= 1.0.3), textshaping (>= 0.3.0)","systemfonts, textshaping","covr, graphics, grid, testthat (>= 3.0.0)",NA,MIT + file LICENSE,4.4.1
systemfonts,1.1.0,NA,R (>= 3.2.0),lifecycle,cpp11 (>= 0.2.1),"covr, knitr, rmarkdown, testthat (>= 2.1.0), tools",NA,MIT + file LICENSE,4.4.1
cpp11,0.4.7,NA,R (>= 3.5.0),NA,NA,"bench, brio, callr, cli, covr, decor, desc, ggplot2, glue,
knitr, lobstr, mockery, progress, rmarkdown, scales, Rcpp,
testthat (>= 3.2.0), tibble, utils, vctrs, withr",NA,MIT + file LICENSE,4.4.1
textshaping,0.4.0,NA,R (>= 3.2.0),"lifecycle, systemfonts (>= 1.1.0)","cpp11 (>= 0.2.1), systemfonts (>= 1.0.0)","covr, knitr, rmarkdown",NA,MIT + file LICENSE,4.4.1
rmarkdown,2.27,NA,R (>= 3.0),"bslib (>= 0.2.5.1), evaluate (>= 0.13), fontawesome (>=
0.5.0), htmltools (>= 0.5.1), jquerylib, jsonlite, knitr (>=
1.43), methods, tinytex (>= 0.31), tools, utils, xfun (>=
0.36), yaml (>= 2.1.19)",NA,"digest, dygraphs, fs, rsconnect, downlit (>= 0.4.0), katex
(>= 1.4.0), sass (>= 0.4.0), shiny (>= 1.6.0), testthat (>=
3.0.3), tibble, vctrs, cleanrmd, withr (>= 2.4.2), xml2",NA,GPL-3,4.4.1
knitr,1.47,NA,R (>= 3.3.0),"evaluate (>= 0.15), highr (>= 0.11), methods, tools, xfun (>=
0.44), yaml (>= 2.1.19)",NA,"bslib, codetools, DBI (>= 0.4-1), digest, formatR, gifski,
gridSVG, htmlwidgets (>= 0.7), jpeg, JuliaCall (>= 0.11.1),
magick, markdown (>= 1.3), png, ragg, reticulate (>= 1.4), rgl
(>= 0.95.1201), rlang, rmarkdown, sass, showtext, styler (>=
1.2.0), targets (>= 0.6.0), testit, tibble, tikzDevice (>=
0.10), tinytex (>= 0.46), webshot, rstudioapi, svglite",NA,GPL,4.4.1
highr,0.11,NA,R (>= 3.3.0),xfun (>= 0.18),NA,"knitr, markdown, testit",NA,GPL,4.4.1
xfun,0.45,NA,NA,"grDevices, stats, tools",NA,"testit, parallel, codetools, methods, rstudioapi, tinytex (>=
0.30), mime, markdown (>= 1.5), knitr (>= 1.47), htmltools,
remotes, pak, rhub, renv, curl, xml2, jsonlite, magick, yaml,
qs, rmarkdown",NA,MIT + file LICENSE,4.4.1
tinytex,0.51,NA,NA,xfun (>= 0.29),NA,"testit, rstudioapi",NA,MIT + file LICENSE,4.4.1
tibble,3.2.1,NA,R (>= 3.4.0),"fansi (>= 0.4.0), lifecycle (>= 1.0.0), magrittr, methods,
pillar (>= 1.8.1), pkgconfig, rlang (>= 1.0.2), utils, vctrs
(>= 0.4.2)",NA,"bench, bit64, blob, brio, callr, cli, covr, crayon (>=
1.3.4), DiagrammeR, dplyr, evaluate, formattable, ggplot2,
here, hms, htmltools, knitr, lubridate, mockr, nycflights13,
pkgbuild, pkgload, purrr, rmarkdown, stringi, testthat (>=
3.0.2), tidyr, withr",NA,MIT + file LICENSE,4.4.1
pillar,1.9.0,NA,NA,"cli (>= 2.3.0), fansi, glue, lifecycle, rlang (>= 1.0.2), utf8
(>= 1.1.0), utils, vctrs (>= 0.5.0)",NA,"bit64, DBI, debugme, DiagrammeR, dplyr, formattable, ggplot2,
knitr, lubridate, nanotime, nycflights13, palmerpenguins,
rmarkdown, scales, stringi, survival, testthat (>= 3.1.1),
tibble, units (>= 0.7.2), vdiffr, withr",NA,MIT + file LICENSE,4.4.1
utf8,1.2.4,NA,R (>= 2.10),NA,NA,"cli, covr, knitr, rlang, rmarkdown, testthat (>= 3.0.0),
withr",NA,Apache License (== 2.0) | file LICENSE,4.4.1
pkgconfig,2.0.3,NA,NA,utils,NA,"covr, testthat, disposables (>= 1.0.3)",NA,MIT + file LICENSE,4.4.1
whisker,0.4.1,NA,NA,NA,NA,markdown,NA,GPL-3,4.4.1
xml2,1.3.6,NA,R (>= 3.6.0),"cli, methods, rlang (>= 1.1.0)",NA,"covr, curl, httr, knitr, magrittr, mockery, rmarkdown,
testthat (>= 3.0.0)",NA,MIT + file LICENSE,4.4.1
pkgload,1.3.4,NA,R (>= 3.4.0),"cli (>= 3.3.0), crayon, desc, fs, glue, methods, pkgbuild,
rlang (>= 1.1.1), rprojroot, utils, withr (>= 2.4.3)",NA,"bitops, covr, mathjaxr, mockr, pak, Rcpp, remotes,
rstudioapi, testthat (>= 3.1.0)",NA,GPL-3,4.4.1
rprojroot,2.0.4,NA,R (>= 3.0.0),NA,NA,"covr, knitr, lifecycle, mockr, rlang, rmarkdown, testthat (>=
3.0.0), withr",NA,MIT + file LICENSE,4.4.1
profvis,0.3.8,NA,R (>= 3.0),"htmlwidgets (>= 0.3.2), purrr, rlang (>= 0.4.9), stringr,
vctrs",NA,"knitr, ggplot2, rmarkdown, testthat (>= 3.0.0), devtools,
shiny, htmltools",NA,GPL-3 | file LICENSE,4.4.1
htmlwidgets,1.6.4,NA,NA,"grDevices, htmltools (>= 0.5.7), jsonlite (>= 0.9.16), knitr
(>= 1.8), rmarkdown, yaml",NA,testthat,shiny (>= 1.1),MIT + file LICENSE,4.4.1
stringr,1.5.1,NA,R (>= 3.6),"cli, glue (>= 1.6.1), lifecycle (>= 1.0.3), magrittr, rlang
(>= 1.0.0), stringi (>= 1.5.3), vctrs (>= 0.4.0)",NA,"covr, dplyr, gt, htmltools, htmlwidgets, knitr, rmarkdown,
testthat (>= 3.0.0), tibble",NA,MIT + file LICENSE,4.4.1
stringi,1.8.4,NA,R (>= 3.4),"tools, utils, stats",NA,NA,NA,file LICENSE,4.4.1
rcmdcheck,1.4.0,NA,NA,"callr (>= 3.1.1.9000), cli (>= 3.0.0), curl, desc (>= 1.2.0),
digest, pkgbuild, prettyunits, R6, rprojroot, sessioninfo (>=
1.1.1), utils, withr, xopen",NA,"covr, knitr, mockery, processx, ps, rmarkdown, svglite,
testthat, webfakes",NA,MIT + file LICENSE,4.4.1
prettyunits,1.2.0,NA,R(>= 2.10),NA,NA,"codetools, covr, testthat",NA,MIT + file LICENSE,4.4.1
sessioninfo,1.2.2,NA,R (>= 2.10),"cli (>= 3.1.0), tools, utils",NA,"callr, covr, mockery, reticulate, rmarkdown, testthat, withr",NA,GPL-2,4.4.1
xopen,1.0.1,NA,R (>= 3.1),processx,NA,"ps, testthat (>= 3.0.0)",NA,MIT + file LICENSE,4.4.1
remotes,2.5.0,NA,R (>= 3.0.0),"methods, stats, tools, utils",NA,"brew, callr, codetools, covr, curl, git2r (>= 0.23.0), knitr,
mockery, pingr, pkgbuild (>= 1.0.1), rmarkdown, rprojroot,
testthat (>= 3.0.0), webfakes, withr",NA,MIT + file LICENSE,4.4.1
roxygen2,7.3.1,NA,R (>= 3.6),"brew, cli (>= 3.3.0), commonmark, desc (>= 1.2.0), knitr,
methods, pkgload (>= 1.0.2), purrr (>= 1.0.0), R6 (>= 2.1.2),
rlang (>= 1.0.6), stringi, stringr (>= 1.0.0), utils, withr,
xml2",cpp11,"covr, R.methodsS3, R.oo, rmarkdown (>= 2.16), testthat (>=
3.1.2), yaml",NA,MIT + file LICENSE,4.4.1
brew,1.0-10,NA,NA,NA,NA,testthat (>= 3.0.0),NA,GPL (>= 2),4.4.1
rversions,2.1.2,NA,NA,"curl, utils, xml2 (>= 1.0.0)",NA,"covr, mockery, testthat",NA,MIT + file LICENSE,4.4.1
testthat,3.2.1.1,NA,R (>= 3.6.0),"brio (>= 1.1.3), callr (>= 3.7.3), cli (>= 3.6.1), desc (>=
1.4.2), digest (>= 0.6.33), evaluate (>= 0.21), jsonlite (>=
1.8.7), lifecycle (>= 1.0.3), magrittr (>= 2.0.3), methods,
pkgload (>= 1.3.2.1), praise (>= 1.0.0), processx (>= 3.8.2),
ps (>= 1.7.5), R6 (>= 2.5.1), rlang (>= 1.1.1), utils, waldo
(>= 0.5.1), withr (>= 2.5.0)",NA,"covr, curl (>= 0.9.5), diffviewer (>= 0.1.0), knitr,
rmarkdown, rstudioapi, shiny, usethis, vctrs (>= 0.1.0), xml2",NA,MIT + file LICENSE,4.4.1
praise,1.0.0,NA,NA,NA,NA,testthat,NA,MIT + file LICENSE,4.4.1
waldo,0.5.2,NA,R (>= 3.6),"cli, diffobj (>= 0.3.4), fansi, glue, methods, rematch2, rlang
(>= 1.0.0), tibble",NA,"covr, R6, testthat (>= 3.0.0), withr, xml2",NA,MIT + file LICENSE,4.4.1
diffobj,0.3.5,NA,R (>= 3.1.0),"crayon (>= 1.3.2), tools, methods, utils, stats",NA,"knitr, rmarkdown",NA,GPL-2 | GPL-3,4.4.1
rematch2,2.1.2,NA,NA,tibble,NA,"covr, testthat",NA,MIT + file LICENSE,4.4.1
urlchecker,1.0.1,NA,R (>= 3.3),"cli, curl, tools, xml2",NA,covr,NA,GPL-3,4.4.1
usethis,2.2.3,NA,R (>= 3.6),"cli (>= 3.0.1), clipr (>= 0.3.0), crayon, curl (>= 2.7), desc
(>= 1.4.2), fs (>= 1.3.0), gert (>= 1.4.1), gh (>= 1.2.1), glue
(>= 1.3.0), jsonlite, lifecycle (>= 1.0.0), purrr, rappdirs,
rlang (>= 1.1.0), rprojroot (>= 1.2), rstudioapi, stats, utils,
whisker, withr (>= 2.3.0), yaml",NA,"covr, knitr, magick, pkgload (>= 1.3.2.1), rmarkdown,
roxygen2 (>= 7.1.2), spelling (>= 1.2), styler (>= 1.2.0),
testthat (>= 3.1.8)",NA,MIT + file LICENSE,4.4.1
clipr,0.8.0,NA,NA,utils,NA,"covr, knitr, rmarkdown, rstudioapi (>= 0.5), testthat (>=
2.0.0)",NA,GPL-3,4.4.1
gert,2.0.1,NA,NA,"askpass, credentials (>= 1.2.1), openssl (>= 2.0.3),
rstudioapi (>= 0.11), sys, zip (>= 2.1.0)",NA,"spelling, knitr, rmarkdown, testthat",NA,MIT + file LICENSE,4.4.1
credentials,2.0.1,NA,NA,"openssl (>= 1.3), sys (>= 2.1), curl, jsonlite, askpass",NA,"testthat, knitr, rmarkdown",NA,MIT + file LICENSE,4.4.1
rstudioapi,0.16.0,NA,NA,NA,NA,"testthat, knitr, rmarkdown, clipr, covr",NA,MIT + file LICENSE,4.4.1
zip,2.3.1,NA,NA,NA,NA,"covr, processx, R6, testthat, withr",NA,MIT + file LICENSE,4.4.1
gh,1.4.1,NA,R (>= 3.6),"cli (>= 3.0.1), gitcreds, glue, httr2, ini, jsonlite,
lifecycle, rlang (>= 1.0.0)",NA,"covr, knitr, mockery, rmarkdown, rprojroot, spelling,
testthat (>= 3.0.0), withr",NA,MIT + file LICENSE,4.4.1
gitcreds,0.1.2,NA,R (>= 3.4),NA,NA,"codetools, covr, knitr, mockery, oskeyring, rmarkdown,
testthat (>= 3.0.0), withr",NA,MIT + file LICENSE,4.4.1
httr2,1.0.1,NA,R (>= 3.6),"cli (>= 3.0.0), curl (>= 5.1.0), glue, lifecycle, magrittr,
openssl, R6, rappdirs, rlang (>= 1.1.0), vctrs (>= 0.6.3),
withr",NA,"askpass, bench, clipr, covr, docopt, httpuv, jose, jsonlite,
knitr, rmarkdown, testthat (>= 3.1.8), tibble, webfakes, xml2",NA,MIT + file LICENSE,4.4.1
ini,0.3.1,NA,NA,NA,NA,testthat,NA,GPL-3,4.4.1
Seurat,5.1.0,NA,"R (>= 4.0.0), methods, SeuratObject (>= 5.0.2)","cluster, cowplot, fastDummies, fitdistrplus, future,
future.apply, generics (>= 0.1.3), ggplot2 (>= 3.3.0), ggrepel,
ggridges, graphics, grDevices, grid, httr, ica, igraph, irlba,
jsonlite, KernSmooth, leiden (>= 0.3.1), lifecycle, lmtest,
MASS, Matrix (>= 1.5-0), matrixStats, miniUI, patchwork,
pbapply, plotly (>= 4.9.0), png, progressr, purrr, RANN,
RColorBrewer, Rcpp (>= 1.0.7), RcppAnnoy (>= 0.0.18), RcppHNSW,
reticulate, rlang, ROCR, RSpectra, Rtsne, scales, scattermore
(>= 1.2), sctransform (>= 0.4.1), shiny, spatstat.explore,
spatstat.geom, stats, tibble, tools, utils, uwot (>= 0.1.10)","Rcpp (>= 0.11.0), RcppEigen, RcppProgress","ape, arrow, BPCells, rsvd, testthat, hdf5r, S4Vectors,
SummarizedExperiment, SingleCellExperiment, MAST, DESeq2,
BiocGenerics, GenomicRanges, GenomeInfoDb, IRanges,
rtracklayer, Rfast2, monocle, Biobase, VGAM, limma, metap,
enrichR, mixtools, ggrastr, data.table, R.utils, presto,
DelayedArray, harmony",NA,MIT + file LICENSE,4.4.1
cluster,2.1.6,recommended,R (>= 3.5.0),"graphics, grDevices, stats, utils",NA,"MASS, Matrix","mvoutlier, fpc, ellipse, sfsmisc",GPL (>= 2),4.4.1
cowplot,1.1.3,NA,R (>= 3.5.0),"ggplot2 (>= 3.4.0), grid, gtable, grDevices, methods, rlang,
scales",NA,"Cairo, covr, dplyr, forcats, gridGraphics (>= 0.4-0), knitr,
lattice, magick, maps, PASWR, patchwork, rmarkdown, ragg,
testthat (>= 1.0.0), tidyr, vdiffr (>= 0.3.0), VennDiagram",NA,GPL-2,4.4.1
ggplot2,3.5.1,NA,R (>= 3.5),"cli, glue, grDevices, grid, gtable (>= 0.1.1), isoband,
lifecycle (> 1.0.1), MASS, mgcv, rlang (>= 1.1.0), scales (>=
1.3.0), stats, tibble, vctrs (>= 0.6.0), withr (>= 2.5.0)",NA,"covr, dplyr, ggplot2movies, hexbin, Hmisc, knitr, mapproj,
maps, multcomp, munsell, nlme, profvis, quantreg, ragg (>=
1.2.6), RColorBrewer, rmarkdown, rpart, sf (>= 0.7-3), svglite
(>= 2.1.2), testthat (>= 3.1.2), vdiffr (>= 1.0.6), xml2",sp,MIT + file LICENSE,4.4.1
gtable,0.3.5,NA,R (>= 3.5),"cli, glue, grid, lifecycle, rlang (>= 1.1.0)",NA,"covr, ggplot2, knitr, profvis, rmarkdown, testthat (>= 3.0.0)",NA,MIT + file LICENSE,4.4.1
isoband,0.2.7,NA,NA,"grid, utils",NA,"covr, ggplot2, knitr, magick, microbenchmark, rmarkdown, sf,
testthat, xml2",NA,MIT + file LICENSE,4.4.1
MASS,7.3-61,recommended,"R (>= 4.4.0), grDevices, graphics, stats, utils",methods,NA,"lattice, nlme, nnet, survival",NA,GPL-2 | GPL-3,4.4.1
mgcv,1.9-1,recommended,"R (>= 3.6.0), nlme (>= 3.1-64)","methods, stats, graphics, Matrix, splines, utils",NA,"parallel, survival, MASS",NA,GPL (>= 2),4.4.1
Matrix,1.7-0,recommended,"R (>= 4.4.0), methods","grDevices, graphics, grid, lattice, stats, utils",NA,"MASS, datasets, sfsmisc, tools","SparseM, graph",GPL (>= 2) | file LICENCE,4.4.1
lattice,0.22-6,recommended,R (>= 4.0.0),"grid, grDevices, graphics, stats, utils",NA,"KernSmooth, MASS, latticeExtra, colorspace","chron, zoo",GPL (>= 2),4.4.1
nlme,3.1-165,recommended,R (>= 3.6.0),"graphics, stats, utils, lattice",NA,"MASS, SASmixed",NA,GPL (>= 2),4.4.1
scales,1.3.0,NA,R (>= 3.6),"cli, farver (>= 2.0.3), glue, labeling, lifecycle, munsell (>=
0.5), R6, RColorBrewer, rlang (>= 1.0.0), viridisLite",NA,"bit64, covr, dichromat, ggplot2, hms (>= 0.5.0), stringi,
testthat (>= 3.0.0)",NA,MIT + file LICENSE,4.4.1
farver,2.1.2,NA,NA,NA,NA,"covr, testthat (>= 3.0.0)",NA,MIT + file LICENSE,4.4.1
labeling,0.4.3,NA,NA,"stats, graphics",NA,NA,NA,MIT + file LICENSE | Unlimited,4.4.1
munsell,0.5.1,NA,NA,"colorspace, methods",NA,"ggplot2, testthat",NA,MIT + file LICENSE,4.4.1
colorspace,2.1-0,NA,"R (>= 3.0.0), methods","graphics, grDevices, stats",NA,"datasets, utils, KernSmooth, MASS, kernlab, mvtnorm, vcd,
tcltk, shiny, shinyjs, ggplot2, dplyr, scales, grid, png, jpeg,
knitr, rmarkdown, RColorBrewer, rcartocolor, scico, viridis,
wesanderson",NA,BSD_3_clause + file LICENSE,4.4.1
RColorBrewer,1.1-3,NA,R (>= 2.0.0),NA,NA,NA,NA,Apache License 2.0,4.4.1
viridisLite,0.4.2,NA,R (>= 2.10),NA,NA,"hexbin (>= 1.27.0), ggplot2 (>= 1.0.1), testthat, covr",NA,MIT + file LICENSE,4.4.1
fastDummies,1.7.3,NA,R (>= 2.10),"data.table, tibble, stringr",NA,"testthat (>= 2.1.0), knitr, rmarkdown, covr, spelling",NA,MIT + file LICENSE,4.4.1
data.table,1.15.4,NA,R (>= 3.1.0),methods,NA,"bit64 (>= 4.0.0), bit (>= 4.0.4), R.utils, xts, zoo (>=
1.8-1), yaml, knitr, markdown",NA,MPL-2.0 | file LICENSE,4.4.1
fitdistrplus,1.1-11,NA,"R (>= 3.5.0), MASS, grDevices, survival, methods",stats,NA,"actuar, rgenoud, mc2d, gamlss.dist, knitr, ggplot2,
GeneralizedHyperbolic, rmarkdown, Hmisc, bookdown",NA,GPL (>= 2),4.4.1
survival,3.7-0,recommended,R (>= 3.5.0),"graphics, Matrix, methods, splines, stats, utils",NA,NA,NA,LGPL (>= 2),4.4.1
future,1.33.2,NA,NA,"digest, globals (>= 0.16.1), listenv (>= 0.8.0), parallel,
parallelly (>= 1.34.0), utils",NA,"methods, RhpcBLASctl, R.rsp, markdown",NA,LGPL (>= 2.1),4.4.1
globals,0.16.3,NA,R (>= 3.1.2),codetools,NA,NA,NA,LGPL (>= 2.1),4.4.1
codetools,0.2-20,recommended,R (>= 2.1),NA,NA,NA,NA,GPL,4.4.1
listenv,0.9.1,NA,R (>= 3.1.2),NA,NA,"R.utils, R.rsp, markdown",NA,LGPL (>= 2.1),4.4.1
parallelly,1.37.1,NA,NA,"parallel, tools, utils",NA,NA,NA,LGPL (>= 2.1),4.4.1
future.apply,1.11.2,NA,"R (>= 3.2.0), future (>= 1.28.0)","globals (>= 0.16.1), parallel, utils",NA,"datasets, stats, tools, listenv (>= 0.8.0), R.rsp, markdown",NA,GPL (>= 2),4.4.1
generics,0.1.3,NA,R (>= 3.2),methods,NA,"covr, pkgload, testthat (>= 3.0.0), tibble, withr",NA,MIT + file LICENSE,4.4.1
ggrepel,0.9.5,NA,"R (>= 3.0.0), ggplot2 (>= 2.2.0)","grid, Rcpp, rlang (>= 0.3.0), scales (>= 0.5.0), withr (>=
2.5.0)",Rcpp,"knitr, rmarkdown, testthat, svglite, vdiffr, gridExtra, ggpp,
patchwork, devtools, prettydoc, ggbeeswarm, dplyr, magrittr,
readr, stringr",NA,GPL-3 | file LICENSE,4.4.1
ggridges,0.5.6,NA,R (>= 3.2),"ggplot2 (>= 3.4.0), grid (>= 3.0.0), scales (>= 0.4.1), withr
(>= 2.1.1)",NA,"covr, dplyr, patchwork, ggplot2movies, forcats, knitr,
rmarkdown, testthat, vdiffr",NA,GPL-2 | file LICENSE,4.4.1
ica,1.0-3,NA,NA,NA,NA,NA,NA,GPL (>= 2),4.4.1
igraph,2.0.3,NA,"methods, R (>= 3.5.0)","cli, graphics, grDevices, lifecycle, magrittr, Matrix,
pkgconfig (>= 2.0.0), rlang, stats, utils, vctrs",cpp11 (>= 0.4.7),"ape (>= 5.7-0.1), callr, decor, digest, graph, igraphdata,
knitr, rgl, rmarkdown, scales, stats4, tcltk, testthat, vdiffr,
withr",NA,GPL (>= 2),4.4.1
irlba,2.3.5.1,NA,"R (>= 3.6.2), Matrix","stats, methods",Matrix,NA,NA,GPL-3,4.4.1
KernSmooth,2.23-24,recommended,"R (>= 2.5.0), stats",NA,NA,"MASS, carData",NA,Unlimited,4.4.1
leiden,0.4.3.1,NA,NA,"methods, reticulate, Matrix, igraph (>= 1.2.7)",NA,"bipartite, covr, data.table, devtools, graphsim, knitr,
markdown, multiplex, multinet, network, qpdf, RColorBrewer,
remotes, rmarkdown, spelling, testthat, tibble",NA,GPL-3 | file LICENSE,4.4.1
reticulate,1.37.0,NA,R (>= 3.5),"Matrix, Rcpp (>= 1.0.7), RcppTOML, graphics, here, jsonlite,
methods, png, rappdirs, utils, rlang, withr",Rcpp,"callr, knitr, glue, cli, rmarkdown, pillar, testthat",NA,Apache License 2.0,4.4.1
here,1.0.1,NA,NA,rprojroot (>= 2.0.2),NA,"conflicted, covr, fs, knitr, palmerpenguins, plyr, readr,
rlang, rmarkdown, testthat, uuid, withr",NA,MIT + file LICENSE,4.4.1
png,0.1-8,NA,R (>= 2.9.0),NA,NA,NA,NA,GPL-2 | GPL-3,4.4.1
RcppTOML,0.2.2,NA,R (>= 3.3.0),Rcpp (>= 0.11.5),Rcpp,tinytest,NA,GPL (>= 2),4.4.1
lmtest,0.9-40,NA,"R (>= 3.0.0), stats, zoo",graphics,NA,"car, strucchange, sandwich, dynlm, stats4, survival, AER",NA,GPL-2 | GPL-3,4.4.1
zoo,1.8-12,NA,"R (>= 3.1.0), stats","utils, graphics, grDevices, lattice (>= 0.20-27)",NA,"AER, coda, chron, ggplot2 (>= 3.0.0), mondate, scales,
stinepack, strucchange, timeDate, timeSeries, tis, tseries, xts",NA,GPL-2 | GPL-3,4.4.1
matrixStats,1.3.0,NA,R (>= 2.12.0),NA,NA,"utils, base64enc, ggplot2, knitr, markdown, microbenchmark,
R.devices, R.rsp",NA,Artistic-2.0,4.4.1
patchwork,1.2.0,NA,NA,"ggplot2 (>= 3.0.0), gtable, grid, stats, grDevices, utils,
graphics, rlang, cli",NA,"knitr, rmarkdown, gridGraphics, gridExtra, ragg, testthat (>=
2.1.0), vdiffr, covr, png",NA,MIT + file LICENSE,4.4.1
pbapply,1.7-2,NA,R (>= 3.2.0),parallel,NA,"shiny, future, future.apply",NA,GPL (>= 2),4.4.1
plotly,4.10.4,NA,"R (>= 3.2.0), ggplot2 (>= 3.0.0)","tools, scales, httr (>= 1.3.0), jsonlite (>= 1.6), magrittr,
digest, viridisLite, base64enc, htmltools (>= 0.3.6),
htmlwidgets (>= 1.5.2.9001), tidyr (>= 1.0.0), RColorBrewer,
dplyr, vctrs, tibble, lazyeval (>= 0.2.0), rlang (>= 0.4.10),
crosstalk, purrr, data.table, promises",NA,"MASS, maps, hexbin, ggthemes, GGally, ggalluvial, testthat,
knitr, shiny (>= 1.1.0), shinytest (>= 1.3.0), curl, rmarkdown,
Cairo, broom, webshot, listviewer, dendextend, sf, png,
IRdisplay, processx, plotlyGeoAssets, forcats, withr,
palmerpenguins, rversions, reticulate, rsvg",NA,MIT + file LICENSE,4.4.1
crosstalk,1.2.1,NA,NA,"htmltools (>= 0.3.6), jsonlite, lazyeval, R6",NA,"shiny, ggplot2, testthat (>= 2.1.0), sass, bslib",NA,MIT + file LICENSE,4.4.1
lazyeval,0.2.2,NA,R (>= 3.1.0),NA,NA,"knitr, rmarkdown (>= 0.2.65), testthat, covr",NA,GPL-3,4.4.1
dplyr,1.1.4,NA,R (>= 3.5.0),"cli (>= 3.4.0), generics, glue (>= 1.3.2), lifecycle (>=
1.0.3), magrittr (>= 1.5), methods, pillar (>= 1.9.0), R6,
rlang (>= 1.1.0), tibble (>= 3.2.0), tidyselect (>= 1.2.0),
utils, vctrs (>= 0.6.4)",NA,"bench, broom, callr, covr, DBI, dbplyr (>= 2.2.1), ggplot2,
knitr, Lahman, lobstr, microbenchmark, nycflights13, purrr,
rmarkdown, RMySQL, RPostgreSQL, RSQLite, stringi (>= 1.7.6),
testthat (>= 3.1.5), tidyr (>= 1.3.0), withr",NA,MIT + file LICENSE,4.4.1
tidyselect,1.2.1,NA,R (>= 3.4),"cli (>= 3.3.0), glue (>= 1.3.0), lifecycle (>= 1.0.3), rlang
(>= 1.0.4), vctrs (>= 0.5.2), withr",NA,"covr, crayon, dplyr, knitr, magrittr, rmarkdown, stringr,
testthat (>= 3.1.1), tibble (>= 2.1.3)",NA,MIT + file LICENSE,4.4.1
tidyr,1.3.1,NA,R (>= 3.6),"cli (>= 3.4.1), dplyr (>= 1.0.10), glue, lifecycle (>= 1.0.3),
magrittr, purrr (>= 1.0.1), rlang (>= 1.1.1), stringr (>=
1.5.0), tibble (>= 2.1.1), tidyselect (>= 1.2.0), utils, vctrs
(>= 0.5.2)",cpp11 (>= 0.4.0),"covr, data.table, knitr, readr, repurrrsive (>= 1.1.0),
rmarkdown, testthat (>= 3.0.0)",NA,MIT + file LICENSE,4.4.1
progressr,0.14.0,NA,R (>= 3.5.0),"digest, utils",NA,"graphics, tcltk, beepr, cli, crayon, pbmcapply, progress,
purrr, foreach, plyr, doFuture, future, future.apply, furrr,
RPushbullet, rstudioapi, shiny, commonmark, base64enc, tools",NA,GPL (>= 3),4.4.1
RANN,2.6.1,NA,NA,NA,NA,testthat,NA,GPL (>= 3),4.4.1
RcppAnnoy,0.0.22,NA,R (>= 3.1),"methods, Rcpp",Rcpp,tinytest,NA,GPL (>= 2),4.4.1
RcppEigen,0.3.4.0.0,NA,R (>= 3.6.0),"Rcpp (>= 0.11.0), stats, utils",Rcpp,"Matrix, inline, tinytest, pkgKitten, microbenchmark",NA,GPL (>= 2) | file LICENSE,4.4.1
RcppHNSW,0.6.0,NA,NA,"methods, Rcpp (>= 0.11.3)",Rcpp,"covr, testthat",NA,GPL (>= 3),4.4.1
RcppProgress,0.4.2,NA,NA,NA,NA,"RcppArmadillo, devtools, roxygen2, testthat",NA,GPL (>= 3),4.4.1
ROCR,1.0-11,NA,R (>= 3.6),"methods, graphics, grDevices, gplots, stats",NA,"testthat, knitr, rmarkdown",NA,GPL (>= 2),4.4.1
gplots,3.1.3.1,NA,R (>= 3.0),"gtools, stats, caTools, KernSmooth, methods",NA,"grid, MASS, knitr, r2d2",NA,GPL-2,4.4.1
caTools,1.18.2,NA,R (>= 3.6.0),bitops,NA,"MASS, rpart",NA,GPL-3,4.4.1
bitops,1.0-7,NA,NA,NA,NA,NA,NA,GPL (>= 2),4.4.1
gtools,3.9.5,NA,"methods, stats, utils",NA,NA,"car, gplots, knitr, rstudioapi, SGP, taxize",NA,GPL-2,4.4.1
RSpectra,0.16-1,NA,R (>= 3.0.2),"Matrix (>= 1.1-0), Rcpp (>= 0.11.5)","Rcpp, RcppEigen (>= 0.3.3.3.0)","knitr, rmarkdown, prettydoc",NA,MPL (>= 2),4.4.1
Rtsne,0.17,NA,NA,"Rcpp (>= 0.11.0), stats",Rcpp,"irlba, testthat",NA,file LICENSE,4.4.1
scattermore,1.2,NA,NA,"ggplot2, scales, grid, grDevices, graphics",NA,"covr, knitr, rmarkdown, testthat",NA,GPL (>= 3),4.4.1
sctransform,0.4.1,NA,R (>= 3.6.0),"dplyr, magrittr, MASS, Matrix (>= 1.5-0), methods,
future.apply, future, ggplot2, reshape2, rlang, gridExtra,
matrixStats","RcppArmadillo, Rcpp (>= 0.11.0)","irlba, testthat, knitr",glmGamPoi,GPL-3 | file LICENSE,4.4.1
gridExtra,2.3,NA,NA,"gtable, grid, grDevices, graphics, utils",NA,"ggplot2, egg, lattice, knitr, testthat",NA,GPL (>= 2),4.4.1
RcppArmadillo,0.12.8.4.0,NA,R (>= 3.3.0),"Rcpp (>= 1.0.8), stats, utils, methods",Rcpp,"tinytest, Matrix (>= 1.3.0), pkgKitten, reticulate, slam",NA,GPL (>= 2),4.4.1
reshape2,1.4.4,NA,R (>= 3.1),"plyr (>= 1.8.1), Rcpp, stringr",Rcpp,"covr, lattice, testthat (>= 0.8.0)",NA,MIT + file LICENSE,4.4.1
plyr,1.8.9,NA,R (>= 3.1.0),Rcpp (>= 0.11.0),Rcpp,"abind, covr, doParallel, foreach, iterators, itertools,
tcltk, testthat",NA,MIT + file LICENSE,4.4.1
SeuratObject,5.0.2,NA,"R (>= 4.1.0), sp (>= 1.5.0)","future, future.apply, grDevices, grid, Matrix (>= 1.6.4),
methods, progressr, Rcpp (>= 1.0.5), rlang (>= 0.4.7), stats,
tools, utils, spam, lifecycle, generics","Rcpp, RcppEigen","DelayedArray, fs (>= 1.5.2), ggplot2, HDF5Array, rmarkdown,
testthat, BPCells, sf (>= 1.0.0)",Seurat,MIT + file LICENSE,4.4.1
sp,2.1-4,NA,"R (>= 3.5.0), methods","utils, stats, graphics, grDevices, lattice, grid",NA,"RColorBrewer, gstat, deldir, knitr, rmarkdown, sf, terra,
raster",NA,GPL (>= 2),4.4.1
spam,2.10-0,NA,R (>= 3.5),"dotCall64, grid, methods, Rcpp (>= 1.0.8.3)",Rcpp,"spam64, fields, Matrix, testthat, R.rsp, truncdist, knitr,
rmarkdown",NA,LGPL-2 | BSD_3_clause + file LICENSE,4.4.1
dotCall64,1.1-1,NA,R (>= 3.1),NA,NA,"microbenchmark, RhpcBLASctl, RColorBrewer, roxygen2, spam,
testthat,",NA,GPL (>= 2),4.4.1
spatstat.explore,3.2-7,NA,"R (>= 3.5.0), spatstat.data (>= 3.0-4), spatstat.geom (>=
3.2-9), spatstat.random (>= 3.2-3), stats, graphics, grDevices,
utils, methods, nlme","spatstat.utils (>= 3.0-4), spatstat.sparse (>= 3.0-3), goftest
(>= 1.2-2), Matrix, abind",NA,"sm, gsl, locfit, spatial, fftwtools (>= 0.9-8),
spatstat.linnet (>= 3.1-4), spatstat.model (>= 3.2-10),
spatstat (>= 3.0-7)",NA,GPL (>= 2),4.4.1
abind,1.4-5,NA,R (>= 1.5.0),"methods, utils",NA,NA,NA,LGPL (>= 2),4.4.1
goftest,1.2-3,NA,R (>= 3.3),stats,NA,NA,NA,GPL (>= 2),4.4.1
spatstat.data,3.0-4,NA,R (>= 3.5.0),"spatstat.utils (>= 3.0-2), Matrix",NA,"spatstat.geom, spatstat.random, spatstat.explore,
spatstat.model, spatstat.linnet",NA,GPL (>= 2),4.4.1
spatstat.utils,3.0-5,NA,"R (>= 3.3.0), stats, graphics, grDevices, utils, methods",NA,NA,spatstat.model,NA,GPL (>= 2),4.4.1
spatstat.geom,3.2-9,NA,"R (>= 3.5.0), spatstat.data (>= 3.0), stats, graphics,
grDevices, utils, methods","spatstat.utils (>= 3.0-2), deldir (>= 1.0-2), polyclip (>=
1.10-0)",NA,"spatstat.random, spatstat.explore, spatstat.model,
spatstat.linnet, spatial, fftwtools (>= 0.9-8), spatstat (>=
3.0)",NA,GPL (>= 2),4.4.1
deldir,2.0-4,NA,R (>= 3.5.0),"graphics, grDevices",NA,polyclip,NA,GPL (>= 2),4.4.1
polyclip,1.10-6,NA,R (>= 3.0.0),NA,NA,NA,NA,BSL,4.4.1
spatstat.random,3.2-3,NA,"R (>= 3.5.0), spatstat.data (>= 3.0), spatstat.geom (>=
3.2-9), stats, utils, methods, grDevices",spatstat.utils (>= 3.0-2),NA,"spatial, spatstat.linnet (>= 3.0), spatstat.explore,
spatstat.model, spatstat (>= 3.0), gsl",NA,GPL (>= 2),4.4.1
spatstat.sparse,3.0-3,NA,"R (>= 3.5.0), stats, utils, methods, Matrix, abind, tensor",spatstat.utils (>= 3.0-2),NA,NA,NA,GPL (>= 2),4.4.1
tensor,1.5,NA,NA,NA,NA,NA,NA,GPL (>= 2),4.4.1
uwot,0.2.2,NA,Matrix,"FNN, irlba, methods, Rcpp, RcppAnnoy (>= 0.0.17), RSpectra","dqrng, Rcpp, RcppAnnoy, RcppProgress","bigstatsr, covr, knitr, RcppHNSW, rmarkdown, rnndescent,
testthat",NA,GPL (>= 3),4.4.1
dqrng,0.4.1,NA,R (>= 3.5.0),Rcpp (>= 0.12.16),"Rcpp, BH (>= 1.64.0-1), sitmo (>= 2.0.0)","BH, testthat, knitr, rmarkdown, mvtnorm (>= 1.2-3), bench,
sitmo",NA,AGPL-3,4.4.1
BH,1.84.0-0,NA,NA,NA,NA,NA,NA,BSL-1.0,4.4.1
sitmo,2.0.2,NA,R (>= 3.2.0),Rcpp (>= 0.12.13),Rcpp,"knitr, rmarkdown, ggplot2",NA,MIT + file LICENSE,4.4.1
FNN,1.1.4,NA,R (>= 4.0.0),NA,NA,"chemometrics, mvtnorm",NA,GPL (>= 2),4.4.1
SingleCellExperiment,1.26.0,NA,SummarizedExperiment,"methods, utils, stats, S4Vectors, BiocGenerics, GenomicRanges,
DelayedArray",NA,"testthat, BiocStyle, knitr, rmarkdown, Matrix, scRNAseq (>=
2.9.1), Rtsne",NA,GPL-3,4.4.1
BiocGenerics,0.50.0,NA,"R (>= 4.0.0), methods, utils, graphics, stats","methods, utils, graphics, stats",NA,"Biobase, S4Vectors, IRanges, GenomicRanges, DelayedArray,
Biostrings, Rsamtools, AnnotationDbi, affy, affyPLM, DESeq2,
flowClust, MSnbase, annotate, RUnit",NA,Artistic-2.0,4.4.1
DelayedArray,0.30.1,NA,"R (>= 4.0.0), methods, stats4, Matrix, BiocGenerics (>=
0.43.4), MatrixGenerics (>= 1.1.3), S4Vectors (>= 0.27.2),
IRanges (>= 2.17.3), S4Arrays (>= 1.3.5), SparseArray (>=
1.1.10)",stats,S4Vectors,"BiocParallel, HDF5Array (>= 1.17.12), genefilter,
SummarizedExperiment, airway, lobstr, DelayedMatrixStats,
knitr, rmarkdown, BiocStyle, RUnit",NA,Artistic-2.0,4.4.1
IRanges,2.38.0,NA,"R (>= 4.0.0), methods, utils, stats, BiocGenerics (>= 0.39.2),
S4Vectors (>= 0.33.3)",stats4,S4Vectors,"XVector, GenomicRanges, Rsamtools, GenomicAlignments,
GenomicFeatures, BSgenome.Celegans.UCSC.ce2, pasillaBamSubset,
RUnit, BiocStyle",NA,Artistic-2.0,4.4.1
S4Vectors,0.42.0,NA,"R (>= 4.0.0), methods, utils, stats, stats4, BiocGenerics (>=
0.37.0)",NA,NA,"IRanges, GenomicRanges, SummarizedExperiment, Matrix,
DelayedArray, ShortRead, graph, data.table, RUnit, BiocStyle,
knitr",NA,Artistic-2.0,4.4.1
MatrixGenerics,1.16.0,NA,matrixStats (>= 1.0.0),methods,NA,"Matrix, sparseMatrixStats, SparseArray, DelayedArray,
DelayedMatrixStats, SummarizedExperiment, testthat (>= 2.1.0)",NA,Artistic-2.0,4.4.1
S4Arrays,1.4.1,NA,"R (>= 4.3.0), methods, Matrix, abind, BiocGenerics (>=
0.45.2), S4Vectors, IRanges","stats, crayon",S4Vectors,"BiocParallel, SparseArray (>= 0.0.4), DelayedArray, testthat,
knitr, rmarkdown, BiocStyle",NA,Artistic-2.0,4.4.1
SparseArray,1.4.8,NA,"R (>= 4.3.0), methods, Matrix, BiocGenerics (>= 0.43.1),
MatrixGenerics (>= 1.11.1), S4Vectors, S4Arrays (>= 1.4.1)","utils, stats, matrixStats, IRanges, XVector","S4Vectors, IRanges, XVector","DelayedArray, testthat, knitr, rmarkdown, BiocStyle",NA,Artistic-2.0,4.4.1
XVector,0.44.0,NA,"R (>= 4.0.0), methods, BiocGenerics (>= 0.37.0), S4Vectors (>=
0.27.12), IRanges (>= 2.23.9)","methods, utils, tools, zlibbioc, BiocGenerics, S4Vectors,
IRanges","S4Vectors, IRanges","Biostrings, drosophila2probe, RUnit",NA,Artistic-2.0,4.4.1
zlibbioc,1.50.0,NA,NA,NA,NA,"BiocStyle, knitr",NA,Artistic-2.0 + file LICENSE,4.4.1
GenomicRanges,1.56.1,NA,"R (>= 4.0.0), methods, stats4, BiocGenerics (>= 0.37.0),
S4Vectors (>= 0.27.12), IRanges (>= 2.37.1), GenomeInfoDb (>=
1.15.2)","utils, stats, XVector (>= 0.29.2)","S4Vectors, IRanges","Matrix, Biobase, AnnotationDbi, annotate, Biostrings (>=
2.25.3), SummarizedExperiment (>= 0.1.5), Rsamtools (>=
1.13.53), GenomicAlignments, rtracklayer, BSgenome,
GenomicFeatures, txdbmaker, Gviz, VariantAnnotation,
AnnotationHub, DESeq2, DEXSeq, edgeR, KEGGgraph,
RNAseqData.HNRNPC.bam.chr14, pasillaBamSubset, KEGGREST,
hgu95av2.db, hgu95av2probe, BSgenome.Scerevisiae.UCSC.sacCer2,
BSgenome.Hsapiens.UCSC.hg38, BSgenome.Mmusculus.UCSC.mm10,
TxDb.Athaliana.BioMart.plantsmart22,
TxDb.Dmelanogaster.UCSC.dm3.ensGene,
TxDb.Hsapiens.UCSC.hg38.knownGene,
TxDb.Mmusculus.UCSC.mm10.knownGene, RUnit, digest, knitr,
rmarkdown, BiocStyle",NA,Artistic-2.0,4.4.1
GenomeInfoDb,1.40.1,NA,"R (>= 4.0.0), methods, BiocGenerics (>= 0.37.0), S4Vectors (>=
0.25.12), IRanges (>= 2.13.12)","stats, stats4, utils, UCSC.utils, GenomeInfoDbData",NA,"R.utils, data.table, GenomicRanges, Rsamtools,
GenomicAlignments, GenomicFeatures, BSgenome,
TxDb.Dmelanogaster.UCSC.dm3.ensGene,
BSgenome.Scerevisiae.UCSC.sacCer2, BSgenome.Celegans.UCSC.ce2,
BSgenome.Hsapiens.NCBI.GRCh38, RUnit, BiocStyle, knitr",NA,Artistic-2.0,4.4.1
GenomeInfoDbData,1.2.12,NA,R (>= 3.5.0),NA,NA,NA,NA,Artistic-2.0,4.4.1
UCSC.utils,1.0.0,NA,NA,"methods, stats, httr, jsonlite, S4Vectors",NA,"DBI, RMariaDB, GenomeInfoDb, testthat, knitr, rmarkdown,
BiocStyle",NA,Artistic-2.0,4.4.1
SummarizedExperiment,1.34.0,NA,"R (>= 4.0.0), methods, MatrixGenerics (>= 1.1.3),
GenomicRanges (>= 1.55.2), Biobase","utils, stats, tools, Matrix, BiocGenerics (>= 0.37.0),
S4Vectors (>= 0.33.7), IRanges (>= 2.23.9), GenomeInfoDb (>=
1.13.1), S4Arrays (>= 1.1.1), DelayedArray (>= 0.27.1)",NA,"HDF5Array (>= 1.7.5), annotate, AnnotationDbi, hgu95av2.db,
GenomicFeatures, TxDb.Hsapiens.UCSC.hg19.knownGene, jsonlite,
rhdf5, airway (>= 1.15.1), BiocStyle, knitr, rmarkdown, RUnit,
testthat, digest",NA,Artistic-2.0,4.4.1
Biobase,2.64.0,NA,"R (>= 2.10), BiocGenerics (>= 0.27.1), utils",methods,NA,"tools, tkWidgets, ALL, RUnit, golubEsets, BiocStyle, knitr,
limma",NA,Artistic-2.0,4.4.1
scater,1.32.0,NA,"SingleCellExperiment, scuttle, ggplot2","stats, utils, methods, Matrix, BiocGenerics, S4Vectors,
SummarizedExperiment, DelayedArray, MatrixGenerics, beachmat,
BiocNeighbors, BiocSingular, BiocParallel, rlang, ggbeeswarm,
viridis, Rtsne, RColorBrewer, RcppML, uwot, pheatmap, ggrepel,
ggrastr",NA,"BiocStyle, snifter, densvis, cowplot, biomaRt, knitr,
scRNAseq, robustbase, rmarkdown, testthat, Biobase, scattermore",NA,GPL-3,4.4.1
beachmat,2.20.0,NA,NA,"methods, DelayedArray (>= 0.27.2), SparseArray, BiocGenerics,
Matrix, Rcpp",Rcpp,"testthat, BiocStyle, knitr, rmarkdown, rcmdcheck,
BiocParallel, HDF5Array",NA,GPL-3,4.4.1
BiocNeighbors,1.22.0,NA,NA,"Rcpp, S4Vectors, BiocParallel, stats, methods, Matrix","Rcpp, RcppHNSW","testthat, BiocStyle, knitr, rmarkdown, FNN, RcppAnnoy,
RcppHNSW",NA,GPL-3,4.4.1
BiocParallel,1.38.0,NA,"methods, R (>= 3.5.0)","stats, utils, futile.logger, parallel, snow, codetools","BH, cpp11","BiocGenerics, tools, foreach, BBmisc, doParallel,
GenomicRanges, RNAseqData.HNRNPC.bam.chr14,
TxDb.Hsapiens.UCSC.hg19.knownGene, VariantAnnotation,
Rsamtools, GenomicAlignments, ShortRead, RUnit, BiocStyle,
knitr, batchtools, data.table",Rmpi,GPL-2 | GPL-3,4.4.1
futile.logger,1.4.3,NA,R (>= 3.0.0),"utils, lambda.r (>= 1.1.0), futile.options",NA,"testthat, jsonlite",NA,LGPL-3,4.4.1
futile.options,1.0.1,NA,R (>= 2.8.0),NA,NA,NA,NA,LGPL-3,4.4.1
lambda.r,1.2.4,NA,R (>= 3.0.0),formatR,NA,testit,NA,LGPL-3,4.4.1
formatR,1.14,NA,R (>= 3.2.3),NA,NA,"rstudioapi, shiny, testit, rmarkdown, knitr",NA,GPL,4.4.1
snow,0.4-4,NA,"R (>= 2.13.1), utils",NA,NA,rlecuyer,Rmpi,GPL,4.4.1
BiocSingular,1.20.0,NA,NA,"BiocGenerics, S4Vectors, Matrix, methods, utils, DelayedArray,
BiocParallel, ScaledMatrix, irlba, rsvd, Rcpp, beachmat","Rcpp, beachmat","testthat, BiocStyle, knitr, rmarkdown, ResidualMatrix",NA,GPL-3,4.4.1
rsvd,1.0.5,NA,R (>= 4.0.0),Matrix,NA,"ggplot2, testthat",NA,GPL (>= 3),4.4.1
ScaledMatrix,1.12.0,NA,NA,"methods, Matrix, S4Vectors, DelayedArray",NA,"testthat, BiocStyle, knitr, rmarkdown, BiocSingular,
DelayedMatrixStats",NA,GPL-3,4.4.1
ggbeeswarm,0.7.2,NA,"R (>= 3.5.0), ggplot2 (>= 3.3.0)","beeswarm, lifecycle, vipor, cli",NA,gridExtra,NA,GPL (>= 3),4.4.1
beeswarm,0.4.0,NA,NA,"stats, graphics, grDevices, utils",NA,NA,NA,Artistic-2.0,4.4.1
vipor,0.4.7,NA,R (>= 3.5.0),"stats, graphics",NA,"testthat, beeswarm, lattice, ggplot2, beanplot, vioplot,
ggbeeswarm,",NA,GPL (>= 2),4.4.1
ggrastr,1.0.2,NA,R (>= 3.2.2),"ggplot2 (>= 2.1.0), Cairo (>= 1.5.9), ggbeeswarm, grid, png,
ragg",NA,"knitr, maps, rmarkdown, sf",NA,MIT + file LICENSE,4.4.1
Cairo,1.6-2,NA,R (>= 2.4.0),"grDevices, graphics",NA,png,FastRWeb,GPL-2 | GPL-3,4.4.1
pheatmap,1.0.12,NA,R (>= 2.0),"grid, RColorBrewer, scales, gtable, stats, grDevices, graphics",NA,NA,NA,GPL-2,4.4.1
RcppML,0.3.7,NA,NA,"Rcpp, Matrix, methods, stats","Rcpp, RcppEigen","knitr, rmarkdown, testthat (>= 3.0.0)",NA,GPL (>= 2),4.4.1
scuttle,1.14.0,NA,SingleCellExperiment,"methods, utils, stats, Matrix, Rcpp, BiocGenerics, S4Vectors,
BiocParallel, GenomicRanges, SummarizedExperiment,
DelayedArray, DelayedMatrixStats, beachmat","Rcpp, beachmat","BiocStyle, knitr, scRNAseq, rmarkdown, testthat, scran",NA,GPL-3,4.4.1
DelayedMatrixStats,1.26.0,NA,"MatrixGenerics (>= 1.15.1), DelayedArray (>= 0.27.10)","methods, sparseMatrixStats (>= 1.13.2), Matrix (>= 1.5-0),
S4Vectors (>= 0.17.5), IRanges (>= 2.25.10)",NA,"testthat, knitr, rmarkdown, BiocStyle, microbenchmark,
profmem, HDF5Array, matrixStats (>= 1.0.0)",NA,MIT + file LICENSE,4.4.1
sparseMatrixStats,1.16.0,NA,MatrixGenerics (>= 1.5.3),"Rcpp, Matrix, matrixStats (>= 0.60.0), methods",Rcpp,"testthat (>= 2.1.0), knitr, bench, rmarkdown, BiocStyle",NA,MIT + file LICENSE,4.4.1
viridis,0.6.5,NA,"R (>= 2.10), viridisLite (>= 0.4.0)","ggplot2 (>= 1.0.1), gridExtra",NA,"hexbin (>= 1.27.0), scales, MASS, knitr, dichromat,
colorspace, httr, mapproj, vdiffr, svglite (>= 1.2.0),
testthat, covr, rmarkdown, maps, terra",NA,MIT + file LICENSE,4.4.1
ggraph,2.2.1,NA,"R (>= 2.10), ggplot2 (>= 3.5.0)","dplyr, ggforce (>= 0.3.1), grid, igraph (>= 1.0.0), scales,
MASS, ggrepel, utils, stats, viridis, rlang, tidygraph,
graphlayouts (>= 1.1.0), withr, cli, vctrs, lifecycle, memoise",cpp11,"network, knitr, rmarkdown, purrr, tibble, seriation, deldir,
gganimate, covr, sf, sfnetworks",NA,MIT + file LICENSE,4.4.1
ggforce,0.4.2,NA,"ggplot2 (>= 3.3.6), R (>= 3.3.0)","Rcpp (>= 0.12.2), grid, scales, MASS, tweenr (>= 0.1.5),
gtable, rlang, polyclip, stats, grDevices, tidyselect, withr,
utils, lifecycle, cli, vctrs, systemfonts","Rcpp, RcppEigen","sessioninfo, concaveman, deldir, latex2exp, reshape2, units
(>= 0.4-6), covr",NA,MIT + file LICENSE,4.4.1
tweenr,2.0.3,NA,R (>= 3.2.0),"farver, magrittr, rlang, vctrs",cpp11 (>= 0.4.2),"testthat, covr",NA,MIT + file LICENSE,4.4.1
graphlayouts,1.1.1,NA,R (>= 3.2.0),"igraph, Rcpp","Rcpp, RcppArmadillo","oaqc, testthat, ggraph, ggplot2, knitr, rmarkdown, uwot",NA,MIT + file LICENSE,4.4.1
tidygraph,1.3.1,NA,NA,"cli, dplyr (>= 0.8.5), igraph (>= 2.0.0), lifecycle, magrittr,
pillar, R6, rlang, stats, tibble, tidyr, tools, utils",cpp11,"ape, covr, data.tree, graph, influenceR, methods, netrankr,
NetSwan, network, seriation, testthat (>= 3.0.0)",NA,MIT + file LICENSE,4.4.1
tidyverse,2.0.0,NA,R (>= 3.3),"broom (>= 1.0.3), conflicted (>= 1.2.0), cli (>= 3.6.0),
dbplyr (>= 2.3.0), dplyr (>= 1.1.0), dtplyr (>= 1.2.2), forcats
(>= 1.0.0), ggplot2 (>= 3.4.1), googledrive (>= 2.0.0),
googlesheets4 (>= 1.0.1), haven (>= 2.5.1), hms (>= 1.1.2),
httr (>= 1.4.4), jsonlite (>= 1.8.4), lubridate (>= 1.9.2),
magrittr (>= 2.0.3), modelr (>= 0.1.10), pillar (>= 1.8.1),
purrr (>= 1.0.1), ragg (>= 1.2.5), readr (>= 2.1.4), readxl (>=
1.4.2), reprex (>= 2.0.2), rlang (>= 1.0.6), rstudioapi (>=
0.14), rvest (>= 1.0.3), stringr (>= 1.5.0), tibble (>= 3.1.8),
tidyr (>= 1.3.0), xml2 (>= 1.3.3)",NA,"covr (>= 3.6.1), feather (>= 0.3.5), glue (>= 1.6.2), mockr
(>= 0.2.0), knitr (>= 1.41), rmarkdown (>= 2.20), testthat (>=
3.1.6)",NA,MIT + file LICENSE,4.4.1
broom,1.0.6,NA,R (>= 3.5),"backports, dplyr (>= 1.0.0), generics (>= 0.0.2), glue,
lifecycle, purrr, rlang, stringr, tibble (>= 3.0.0), tidyr (>=
1.0.0)",NA,"AER, AUC, bbmle, betareg, biglm, binGroup, boot, btergm (>=
1.10.6), car, carData, caret, cluster, cmprsk, coda, covr, drc,
e1071, emmeans, epiR, ergm (>= 3.10.4), fixest (>= 0.9.0), gam
(>= 1.15), gee, geepack, ggplot2, glmnet, glmnetUtils, gmm,
Hmisc, irlba, interp, joineRML, Kendall, knitr, ks, Lahman,
lavaan, leaps, lfe, lm.beta, lme4, lmodel2, lmtest (>= 0.9.38),
lsmeans, maps, MASS, mclust, mediation, metafor, mfx, mgcv,
mlogit, modeldata, modeltests (>= 0.1.6), muhaz, multcomp,
network, nnet, orcutt (>= 2.2), ordinal, plm, poLCA, psych,
quantreg, rmarkdown, robust, robustbase, rsample, sandwich,
spdep (>= 1.1), spatialreg, speedglm, spelling, survey,
survival (>= 3.6-4), systemfit, testthat (>= 2.1.0), tseries,
vars, zoo",NA,MIT + file LICENSE,4.4.1
backports,1.5.0,NA,R (>= 3.0.0),NA,NA,NA,NA,GPL-2 | GPL-3,4.4.1
conflicted,1.2.0,NA,R (>= 3.2),"cli (>= 3.4.0), memoise, rlang (>= 1.0.0)",NA,"callr, covr, dplyr, Matrix, methods, pkgload, testthat (>=
3.0.0), withr",NA,MIT + file LICENSE,4.4.1
dbplyr,2.5.0,NA,R (>= 3.6),"blob (>= 1.2.0), cli (>= 3.6.1), DBI (>= 1.1.3), dplyr (>=
1.1.2), glue (>= 1.6.2), lifecycle (>= 1.0.3), magrittr,
methods, pillar (>= 1.9.0), purrr (>= 1.0.1), R6 (>= 2.2.2),
rlang (>= 1.1.1), tibble (>= 3.2.1), tidyr (>= 1.3.0),
tidyselect (>= 1.2.1), utils, vctrs (>= 0.6.3), withr (>=
2.5.0)",NA,"bit64, covr, knitr, Lahman, nycflights13, odbc (>= 1.4.2),
RMariaDB (>= 1.2.2), rmarkdown, RPostgres (>= 1.4.5),
RPostgreSQL, RSQLite (>= 2.3.1), testthat (>= 3.1.10)",NA,MIT + file LICENSE,4.4.1
blob,1.2.4,NA,NA,"methods, rlang, vctrs (>= 0.2.1)",NA,"covr, crayon, pillar (>= 1.2.1), testthat",NA,MIT + file LICENSE,4.4.1
DBI,1.2.3,NA,"methods, R (>= 3.0.0)",NA,NA,"arrow, blob, covr, DBItest, dbplyr, downlit, dplyr, glue,
hms, knitr, magrittr, nanoarrow (>= 0.3.0.1), RMariaDB,
rmarkdown, rprojroot, RSQLite (>= 1.1-2), testthat (>= 3.0.0),
vctrs, xml2",NA,LGPL (>= 2.1),4.4.1
dtplyr,1.3.1,NA,R (>= 3.3),"cli (>= 3.4.0), data.table (>= 1.13.0), dplyr (>= 1.1.0),
glue, lifecycle, rlang (>= 1.0.4), tibble, tidyselect (>=
1.2.0), vctrs (>= 0.4.1)",NA,"bench, covr, knitr, rmarkdown, testthat (>= 3.1.2), tidyr (>=
1.1.0), waldo (>= 0.3.1)",NA,MIT + file LICENSE,4.4.1
forcats,1.0.0,NA,R (>= 3.4),"cli (>= 3.4.0), glue, lifecycle, magrittr, rlang (>= 1.0.0),
tibble",NA,"covr, dplyr, ggplot2, knitr, readr, rmarkdown, testthat (>=
3.0.0), withr",NA,MIT + file LICENSE,4.4.1
googledrive,2.1.1,NA,R (>= 3.6),"cli (>= 3.0.0), gargle (>= 1.5.0), glue (>= 1.4.2), httr,
jsonlite, lifecycle, magrittr, pillar (>= 1.9.0), purrr (>=
1.0.1), rlang (>= 1.0.2), tibble (>= 2.0.0), utils, uuid, vctrs
(>= 0.3.0), withr",NA,"curl, dplyr (>= 1.0.0), knitr, mockr, rmarkdown, spelling,
testthat (>= 3.1.3)",NA,MIT + file LICENSE,4.4.1
gargle,1.5.2,NA,R (>= 3.6),"cli (>= 3.0.1), fs (>= 1.3.1), glue (>= 1.3.0), httr (>=
1.4.5), jsonlite, lifecycle, openssl, rappdirs, rlang (>=
1.1.0), stats, utils, withr",NA,"aws.ec2metadata, aws.signature, covr, httpuv, knitr,
rmarkdown, sodium, spelling, testthat (>= 3.1.7)",NA,MIT + file LICENSE,4.4.1
uuid,1.2-0,NA,R (>= 2.9.0),NA,NA,NA,NA,MIT + file LICENSE,4.4.1
googlesheets4,1.1.1,NA,R (>= 3.6),"cellranger, cli (>= 3.0.0), curl, gargle (>= 1.5.0), glue (>=
1.3.0), googledrive (>= 2.1.0), httr, ids, lifecycle, magrittr,
methods, purrr, rematch2, rlang (>= 1.0.2), tibble (>= 2.1.1),
utils, vctrs (>= 0.2.3), withr",NA,"readr, rmarkdown, spelling, testthat (>= 3.1.7)",NA,MIT + file LICENSE,4.4.1
cellranger,1.1.0,NA,R (>= 3.0.0),"rematch, tibble",NA,"covr, testthat (>= 1.0.0), knitr, rmarkdown",NA,MIT + file LICENSE,4.4.1
rematch,2.0.0,NA,NA,NA,NA,"covr, testthat",NA,MIT + file LICENSE,4.4.1
ids,1.0.1,NA,NA,"openssl, uuid",NA,"knitr, rcorpora, rmarkdown, testthat",NA,MIT + file LICENSE,4.4.1
haven,2.5.4,NA,R (>= 3.6),"cli (>= 3.0.0), forcats (>= 0.2.0), hms, lifecycle, methods,
readr (>= 0.1.0), rlang (>= 0.4.0), tibble, tidyselect, vctrs
(>= 0.3.0)",cpp11,"covr, crayon, fs, knitr, pillar (>= 1.4.0), rmarkdown,
testthat (>= 3.0.0), utf8",NA,MIT + file LICENSE,4.4.1
hms,1.1.3,NA,NA,"lifecycle, methods, pkgconfig, rlang (>= 1.0.2), vctrs (>=
0.3.8)",NA,"crayon, lubridate, pillar (>= 1.1.0), testthat (>= 3.0.0)",NA,MIT + file LICENSE,4.4.1
readr,2.1.5,NA,R (>= 3.6),"cli (>= 3.2.0), clipr, crayon, hms (>= 0.4.1), lifecycle (>=
0.2.0), methods, R6, rlang, tibble, utils, vroom (>= 1.6.0)","cpp11, tzdb (>= 0.1.1)","covr, curl, datasets, knitr, rmarkdown, spelling, stringi,
testthat (>= 3.2.0), tzdb (>= 0.1.1), waldo, withr, xml2",NA,MIT + file LICENSE,4.4.1
tzdb,0.4.0,NA,R (>= 3.5.0),NA,cpp11 (>= 0.4.2),"covr, testthat (>= 3.0.0)",NA,MIT + file LICENSE,4.4.1
vroom,1.6.5,NA,R (>= 3.6),"bit64, cli (>= 3.2.0), crayon, glue, hms, lifecycle (>=
1.0.3), methods, rlang (>= 0.4.2), stats, tibble (>= 2.0.0),
tidyselect, tzdb (>= 0.1.1), vctrs (>= 0.2.0), withr","cpp11 (>= 0.2.0), progress (>= 1.2.1), tzdb (>= 0.1.1)","archive, bench (>= 1.1.0), covr, curl, dplyr, forcats, fs,
ggplot2, knitr, patchwork, prettyunits, purrr, rmarkdown,
rstudioapi, scales, spelling, testthat (>= 2.1.0), tidyr,
utils, waldo, xml2",NA,MIT + file LICENSE,4.4.1
bit64,4.0.5,NA,"R (>= 3.0.1), bit (>= 4.0.0), utils, methods, stats",NA,NA,NA,NA,GPL-2 | GPL-3,4.4.1
bit,4.0.5,NA,R (>= 2.9.2),NA,NA,"testthat (>= 0.11.0), roxygen2, knitr, rmarkdown,
microbenchmark, bit64 (>= 4.0.0), ff (>= 4.0.0)",NA,GPL-2 | GPL-3,4.4.1
progress,1.2.3,NA,R (>= 3.6),"crayon, hms, prettyunits, R6",NA,"Rcpp, testthat (>= 3.0.0), withr",NA,MIT + file LICENSE,4.4.1
lubridate,1.9.3,NA,"methods, R (>= 3.2)","generics, timechange (>= 0.1.1)",NA,"covr, knitr, rmarkdown, testthat (>= 2.1.0), vctrs (>= 0.5.0)","chron, data.table, timeDate, tis, zoo",GPL (>= 2),4.4.1
timechange,0.3.0,NA,R (>= 3.3),NA,cpp11 (>= 0.2.7),"testthat (>= 0.7.1.99), knitr",NA,GPL (>= 3),4.4.1
modelr,0.1.11,NA,R (>= 3.2),"broom, magrittr, purrr (>= 0.2.2), rlang (>= 1.0.6), tibble,
tidyr (>= 0.8.0), tidyselect, vctrs",NA,"compiler, covr, ggplot2, testthat (>= 3.0.0)",NA,GPL-3,4.4.1
readxl,1.4.3,NA,R (>= 3.6),"cellranger, tibble (>= 2.0.1), utils","cpp11 (>= 0.4.0), progress","covr, knitr, rmarkdown, testthat (>= 3.1.6), withr",NA,MIT + file LICENSE,4.4.1
reprex,2.1.0,NA,R (>= 3.6),"callr (>= 3.6.0), cli (>= 3.2.0), clipr (>= 0.4.0), fs, glue,
knitr (>= 1.23), lifecycle, rlang (>= 1.0.0), rmarkdown,
rstudioapi, utils, withr (>= 2.3.0)",NA,"covr, fortunes, miniUI, rprojroot, sessioninfo, shiny,
spelling, styler (>= 1.2.0), testthat (>= 3.0.2)",NA,MIT + file LICENSE,4.4.1
rvest,1.0.4,NA,R (>= 3.6),"cli, glue, httr (>= 0.5), lifecycle (>= 1.0.3), magrittr,
rlang (>= 1.1.0), selectr, tibble, xml2 (>= 1.3)",NA,"chromote, covr, knitr, R6, readr, repurrrsive, rmarkdown,
spelling, stringi (>= 0.3.1), testthat (>= 3.0.2), webfakes",NA,MIT + file LICENSE,4.4.1
selectr,0.4-2,NA,R (>= 3.0),"methods, stringr, R6",NA,"testthat, XML, xml2",NA,BSD_3_clause + file LICENCE,4.4.1
data.tree,1.1.0,NA,R (>= 3.5),"R6, stringi, methods",NA,"Formula, graphics, testthat, knitr, rmarkdown, ape, yaml,
networkD3, jsonlite, treemap, party, partykit, doParallel,
foreach, htmlwidgets, DiagrammeR (>= 1.0.0), mockery, rpart",igraph,GPL (>= 2),4.4.1
HGNChelper,0.8.14,NA,"R (>= 4.1.0), methods, utils",splitstackshape,NA,"testthat, knitr, rmarkdown, markdown",NA,GPL (>= 2.0),4.4.1
splitstackshape,1.4.8,NA,R (>= 2.10),data.table (>= 1.9.4),NA,"covr, testthat",NA,GPL-3,4.4.1
UCell,2.8.0,NA,R(>= 4.3.0),"methods, data.table(>= 1.13.6), Matrix, stats, BiocParallel,
BiocNeighbors, SingleCellExperiment, SummarizedExperiment",NA,"scater, scRNAseq, reshape2, patchwork, ggplot2, BiocStyle,
Seurat(>= 5.0.0), SeuratObject(>= 5.0.0), knitr, rmarkdown",NA,GPL-3 + file LICENSE,4.4.1
corrplot,0.92,NA,NA,NA,NA,"seriation, knitr, RColorBrewer, rmarkdown, magrittr,
prettydoc, testthat",NA,MIT + file LICENSE,4.4.1
repr,1.1.7,NA,R (>= 3.0.1),"utils, grDevices, htmltools, jsonlite, pillar (>= 1.4.0),
base64enc",NA,"methods, highr, Cairo, stringr, testthat (>= 3.0.0), leaflet","data.table, tibble, htmlwidgets, vegalite, plotly, geojsonio",GPL (>= 3),4.4.1
IRdisplay,1.1,NA,R (>= 3.0.1),"methods, repr",NA,"testthat, withr",NA,MIT + file LICENSE,4.4.1
IRkernel,1.3.2,NA,R (>= 3.2.0),"repr (>= 0.4.99), methods, evaluate (>= 0.10), IRdisplay (>=
0.3.0.9999), pbdZMQ (>= 0.2-1), crayon, jsonlite (>= 0.9.6),
uuid, digest",NA,"testthat, roxygen2",NA,MIT + file LICENSE,4.4.1
pbdZMQ,0.3-11,NA,R (>= 3.5.0),NA,NA,NA,NA,GPL-3,4.4.1
DESeq2,1.44.0,NA,"S4Vectors (>= 0.23.18), IRanges, GenomicRanges,
SummarizedExperiment (>= 1.1.6)","BiocGenerics (>= 0.7.5), Biobase, BiocParallel, matrixStats,
methods, stats4, locfit, ggplot2 (>= 3.4.0), Rcpp (>= 0.11.0),
MatrixGenerics","Rcpp, RcppArmadillo","testthat, knitr, rmarkdown, vsn, pheatmap, RColorBrewer,
apeglm, ashr, tximport, tximeta, tximportData, readr, pbapply,
airway, pasilla (>= 0.2.10), glmGamPoi, BiocManager",NA,LGPL (>= 3),4.4.1
locfit,1.5-9.9,NA,R (>= 4.1.0),lattice,NA,"interp, gam",NA,GPL (>= 2),4.4.1
gprofiler2,0.2.3,NA,R (>= 3.5),"jsonlite, RCurl, ggplot2, plotly, tidyr (>= 1.0.0), crosstalk,
grDevices, gridExtra, grid, viridisLite, dplyr",NA,"knitr, rmarkdown, prettydoc",NA,GPL (>= 2),4.4.1
RCurl,1.98-1.14,NA,"R (>= 3.4.0), methods",bitops,NA,XML,NA,BSD_3_clause + file LICENSE,4.4.1
enrichR,3.2,NA,R (>= 3.0.0),"httr, curl, rjson, ggplot2, WriteXLS",NA,"knitr, rmarkdown",NA,GPL (>= 2),4.4.1
rjson,0.2.21,NA,R (>= 4.0.0),NA,NA,NA,NA,GPL-2,4.4.1
WriteXLS,6.6.0,NA,NA,utils,NA,NA,NA,GPL (>= 2),4.4.1
clustree,0.5.1,NA,"R (>= 3.5), ggraph","checkmate, igraph, dplyr, grid, ggplot2 (>= 3.4.0), viridis,
methods, rlang, tidygraph, ggrepel",NA,"testthat (>= 2.1.0), knitr, rmarkdown, SingleCellExperiment,
Seurat (>= 2.3.0), covr, SummarizedExperiment, pkgdown,
spelling",NA,GPL-3,4.4.1
checkmate,2.3.1,NA,R (>= 3.0.0),"backports (>= 1.1.0), utils",NA,"R6, fastmatch, data.table (>= 1.9.8), devtools, ggplot2,
knitr, magrittr, microbenchmark, rmarkdown, testthat (>=
3.0.4), tinytest (>= 1.1.0), tibble",NA,BSD_3_clause + file LICENSE,4.4.1
openxlsx,4.2.5.2,NA,R (>= 3.3.0),"grDevices, methods, Rcpp, stats, stringi, utils, zip",Rcpp,"knitr, rmarkdown, roxygen2, testthat",NA,MIT + file LICENSE,4.4.1
glmGamPoi,1.16.0,NA,NA,"Rcpp, DelayedMatrixStats, matrixStats, MatrixGenerics,
DelayedArray, HDF5Array, SummarizedExperiment,
SingleCellExperiment, BiocGenerics, methods, stats, utils,
splines, rlang, vctrs","Rcpp, RcppArmadillo, beachmat","testthat (>= 2.1.0), zoo, DESeq2, edgeR, limma, beachmat,
MASS, statmod, ggplot2, bench, BiocParallel, knitr, rmarkdown,
BiocStyle, TENxPBMCData, muscData, scran, Matrix, dplyr",NA,GPL-3,4.4.1
HDF5Array,1.32.0,NA,"R (>= 3.4), methods, DelayedArray (>= 0.27.2), rhdf5 (>=
2.31.6)","utils, stats, tools, Matrix, rhdf5filters, BiocGenerics (>=
0.31.5), S4Vectors, IRanges, S4Arrays (>= 1.1.1)","S4Vectors (>= 0.27.13), Rhdf5lib","BiocParallel, GenomicRanges, SummarizedExperiment (>=
1.15.1), h5vcData, ExperimentHub, TENxBrainData, zellkonverter,
GenomicFeatures, RUnit, SingleCellExperiment,
DelayedMatrixStats, genefilter",NA,Artistic-2.0,4.4.1
rhdf5,2.48.0,NA,"R (>= 4.0.0), methods","Rhdf5lib (>= 1.13.4), rhdf5filters (>= 1.15.5)",Rhdf5lib,"bit64, BiocStyle, knitr, rmarkdown, testthat, bench, dplyr,
ggplot2, mockery, BiocParallel",NA,Artistic-2.0,4.4.1
rhdf5filters,1.16.0,NA,NA,NA,Rhdf5lib,"BiocStyle, knitr, rmarkdown, tinytest, rhdf5 (>= 2.47.7)",NA,BSD_2_clause + file LICENSE,4.4.1
Rhdf5lib,1.26.0,NA,R (>= 4.2.0),NA,NA,"BiocStyle, knitr, rmarkdown, tinytest, mockery",NA,Artistic-2.0,4.4.1
UpSetR,1.4.0,NA,R (>= 3.0),"ggplot2, gridExtra, plyr, utils, stats, methods, grDevices,
scales",NA,knitr,NA,MIT + file LICENSE,4.4.1
SeuratWrappers,0.3.5,NA,R (>= 3.5.0),"BiocManager,
cowplot,
ggplot2,
igraph,
Matrix,
methods,
remotes,
rsvd,
Seurat (>= 5.0.0),
stats,
utils,
rlang",NA,"cipr,
conos,
rliger (>= 0.5.0),
harmony,
batchelor,
SeuratData,
SeuratDisk,
velocyto.R,
schex,
tximport,
fishpond,
monocle3,
CoGAPS,
glmpca,
Nebulosa,
presto,
flexmix,
tricycle,
Banksy",NA,GPL-3 | file LICENSE,4.4.1
BiocManager,1.30.23,NA,NA,utils,NA,"BiocVersion, BiocStyle, remotes, rmarkdown, testthat, withr,
curl, knitr",NA,Artistic-2.0,4.4.1
R.utils,2.12.3,NA,"R (>= 2.14.0), R.oo","methods, utils, tools, R.methodsS3",NA,"datasets, digest (>= 0.6.10)",NA,LGPL (>= 2.1),4.4.1
R.methodsS3,1.8.2,NA,R (>= 2.13.0),utils,NA,codetools,NA,LGPL (>= 2.1),4.4.1
R.oo,1.26.0,NA,"R (>= 2.13.0), R.methodsS3 (>= 1.8.2)","methods, utils",NA,tools,NA,LGPL (>= 2.1),4.4.1
loomR,0.2.0,NA,"R (>= 3.2.2),
R6,
hdf5r,
iterators,
itertools","utils,
Matrix,
methods",NA,Seurat,NA,GPL-3,4.4.1
hdf5r,1.3.10,NA,"R (>= 3.2.2), methods","R6, bit64, utils",NA,"testthat, knitr, rmarkdown, nycflights13, reshape2, formatR,",NA,Apache License 2.0 | file LICENSE,4.4.1
iterators,1.0.14,NA,"R (>= 2.5.0), utils",NA,NA,"RUnit, foreach",NA,Apache License (== 2.0),4.4.1
itertools,0.1-3,NA,"R (>= 2.14.0), iterators(>= 1.0.0)",parallel,NA,foreach,NA,GPL-2,4.4.1
monocle3,1.3.7,NA,"R (>= 4.0.0),
Biobase,
SingleCellExperiment","assertthat (>= 0.2.1),
batchelor,
BiocGenerics (>= 0.28.0),
BiocParallel,
DelayedArray (>= 0.8.0),
DelayedMatrixStats (>= 1.4.0),
digest (>= 0.6.28),
dplyr (>= 0.8.0.1),
future (>= 1.23.0),
ggplot2 (>= 3.1.1),
ggrastr,
ggrepel (>= 0.8.1),
grr,
HDF5Array,
igraph (>= 1.5.0),
irlba (>= 2.3.3),
leidenbase (>= 0.1.25),
limma (>= 3.38.3),
lme4 (>= 1.1-27),
lmtest (>= 0.9-36),
MASS (>= 7.3-51.4),
Matrix (>= 1.2-17),
methods,
openssl,
pbapply (>= 1.4-0),
pbmcapply (>= 1.4.1),
pheatmap,
plotly (>= 4.9.0),
plyr (>= 1.8.4),
proxy (>= 0.4-23),
pscl (>= 1.5.2),
purrr (>= 0.3.2),
RANN (>= 2.6.1),
RColorBrewer,
Rcpp (>= 1.0.1),
reshape2 (>= 1.4.3),
rsample (>= 0.0.5),
RhpcBLASctl,
RcppAnnoy,
RcppHNSW (>= 0.3.0),
Rtsne (>= 0.15),
S4Vectors,
sf,
shiny,
slam (>= 0.1-45),
spdep (>= 1.1-2),
speedglm (>= 0.3-2),
stats,
stringr (>= 1.4.0),
SummarizedExperiment (>= 1.11.5),
utils,
uwot (>= 0.1.8),
tibble (>= 2.1.1),
tidyr (>= 0.8.3),
viridis (>= 0.5.1)",Rcpp,"testthat (>= 2.1.0),
pryr (>= 0.1.4),
knitr,
rmarkdown,
spelling,
scran",NA,MIT + file LICENSE,4.4.1
grr,0.9.5,NA,R (>= 3.0.0),NA,NA,NA,NA,GPL-3,4.4.1
leidenbase,0.1.27,NA,R (>= 3.5.0),igraph (>= 0.9.0),NA,"rmarkdown, knitr, testthat (>= 3.1.0)",NA,GPL-3,4.4.1
pbmcapply,1.5.1,NA,"utils, parallel",NA,NA,NA,NA,MIT + file LICENSE,4.4.1
proxy,0.4-27,NA,R (>= 3.4.0),"stats, utils",NA,cba,NA,GPL-2,4.4.1
pscl,1.5.9,NA,NA,"MASS, datasets, grDevices, graphics, stats, utils",NA,"lattice, MCMCpack, car, lmtest, sandwich, zoo, coda, vcd,
mvtnorm, mgcv",NA,GPL-2,4.4.1
rsample,1.2.1,NA,R (>= 3.6),"cli, dplyr (>= 1.1.1), furrr, generics, glue, lifecycle,
methods, pillar, purrr (>= 1.0.0), rlang (>= 0.4.10), slider
(>= 0.1.5), tibble, tidyr, tidyselect, vctrs (>= 0.5.0)",NA,"broom, covr, ggplot2, knitr, modeldata, recipes (>= 0.1.4),
rmarkdown, stats, testthat (>= 3.0.0), utils, whisker, withr,
xml2",NA,MIT + file LICENSE,4.4.1
furrr,0.3.1,NA,"future (>= 1.25.0), R (>= 3.4.0)","globals (>= 0.14.0), lifecycle (>= 1.0.1), purrr (>= 0.3.4),
rlang (>= 1.0.2), vctrs (>= 0.4.1)",NA,"carrier, covr, dplyr (>= 0.7.4), knitr, listenv (>= 0.6.0),
magrittr, rmarkdown, testthat (>= 3.0.0), tidyselect, withr",NA,MIT + file LICENSE,4.4.1
slider,0.3.1,NA,R (>= 3.6.0),"cli (>= 3.6.1), rlang (>= 1.1.1), vctrs (>= 0.6.3), warp",vctrs (>= 0.6.3),"covr, dplyr (>= 1.0.0), knitr, lubridate, rmarkdown, testthat
(>= 3.0.0)",NA,MIT + file LICENSE,4.4.1
warp,0.2.1,NA,R (>= 3.2),NA,NA,"covr, knitr, rmarkdown, testthat (>= 3.0.0)",NA,MIT + file LICENSE,4.4.1
RhpcBLASctl,0.23-42,NA,NA,NA,NA,NA,NA,AGPL-3,4.4.1
sf,1.0-16,NA,"methods, R (>= 3.3.0)","classInt (>= 0.4-1), DBI (>= 0.8), graphics, grDevices, grid,
magrittr, Rcpp (>= 0.12.18), s2 (>= 1.1.0), stats, tools, units
(>= 0.7-0), utils",Rcpp,"blob, nanoarrow, covr, dplyr (>= 1.0.0), ggplot2, knitr,
lwgeom (>= 0.2-14), maps, mapview, Matrix, microbenchmark,
odbc, pbapply, pillar, pool, raster, rlang, rmarkdown,
RPostgres (>= 1.1.0), RPostgreSQL, RSQLite, sp (>= 1.2-4),
spatstat (>= 2.0-1), spatstat.geom, spatstat.random,
spatstat.linnet, spatstat.utils, stars (>= 0.2-0), terra,
testthat (>= 3.0.0), tibble (>= 1.4.1), tidyr (>= 1.2.0),
tidyselect (>= 1.0.0), tmap (>= 2.0), vctrs, wk (>= 0.9.0)",NA,GPL-2 | MIT + file LICENSE,4.4.1
classInt,0.4-10,NA,R (>= 2.2),"grDevices, stats, graphics, e1071, class, KernSmooth",NA,"spData (>= 0.2.6.2), units, knitr, rmarkdown, tinytest",NA,GPL (>= 2),4.4.1
class,7.3-22,recommended,"R (>= 3.0.0), stats, utils",MASS,NA,NA,NA,GPL-2 | GPL-3,4.4.1
e1071,1.7-14,NA,NA,"graphics, grDevices, class, stats, methods, utils, proxy",NA,"cluster, mlbench, nnet, randomForest, rpart, SparseM, xtable,
Matrix, MASS, slam",NA,GPL-2 | GPL-3,4.4.1
s2,1.1.6,NA,R (>= 3.0.0),"Rcpp, wk (>= 0.6.0)","Rcpp, wk","bit64, testthat (>= 3.0.0), vctrs",NA,Apache License (== 2.0),4.4.1
wk,0.9.1,NA,R (>= 2.10),NA,NA,"testthat (>= 3.0.0), vctrs (>= 0.3.0), sf, tibble, readr",NA,MIT + file LICENSE,4.4.1
units,0.8-5,NA,R (>= 3.0.2),Rcpp,Rcpp (>= 0.12.10),"NISTunits, measurements, xml2, magrittr, pillar (>= 1.3.0),
dplyr (>= 1.0.0), vctrs (>= 0.3.1), ggplot2 (> 3.2.1), testthat
(>= 3.0.0), vdiffr, knitr, rmarkdown",NA,GPL-2,4.4.1
slam,0.1-50,NA,R (>= 3.4.0),stats,NA,NA,"Matrix, SparseM, spam",GPL-2,4.4.1
spdep,1.3-5,NA,"R (>= 3.3.0), methods, spData (>= 2.3.1), sf","stats, deldir, boot (>= 1.3-1), graphics, utils, grDevices,
units, s2, e1071, sp (>= 1.0)",NA,"spatialreg (>= 1.2-1), Matrix, parallel, dbscan,
RColorBrewer, lattice, xtable, foreign, igraph, RSpectra,
knitr, classInt, tmap, spam, ggplot2, rmarkdown, tinytest,
rgeoda",NA,GPL (>= 2),4.4.1
boot,1.3-30,recommended,"R (>= 3.0.0), graphics, stats",NA,NA,"MASS, survival",NA,Unlimited,4.4.1
spData,2.3.1,NA,R (>= 3.3.0),sp,NA,"foreign, sf (>= 0.9-1), spDataLarge (>= 0.4.0), spdep,
spatialreg",NA,CC0,4.4.1
speedglm,0.3-5,NA,"Matrix, MASS, biglm","methods, stats",NA,NA,NA,GPL,4.4.1
biglm,0.9-3,NA,"DBI, methods",NA,NA,"RSQLite, RODBC",leaps,GPL,4.4.1
limma,3.60.2,NA,R (>= 3.6.0),"grDevices, graphics, stats, utils, methods, statmod",NA,"BiasedUrn, ellipse, gplots, knitr, locfit, MASS, splines,
affy, AnnotationDbi, Biobase, BiocStyle, GO.db, illuminaio,
org.Hs.eg.db, vsn",NA,GPL (>=2),4.4.1
statmod,1.5.0,NA,R (>= 3.0.0),"stats, graphics",NA,"MASS, tweedie",NA,GPL-2 | GPL-3,4.4.1
lme4,1.1-35.3,NA,"R (>= 3.5.0), Matrix (>= 1.2-1), methods, stats","graphics, grid, splines, utils, parallel, MASS, lattice, boot,
nlme (>= 3.1-123), minqa (>= 1.1.15), nloptr (>= 1.0.4)","Rcpp (>= 0.10.5), RcppEigen (>= 0.3.3.9.4), Matrix","knitr, rmarkdown, MEMSS, testthat (>= 0.8.1), ggplot2,
mlmRev, optimx (>= 2013.8.6), gamm4, pbkrtest, HSAUR3,
numDeriv, car, dfoptim, mgcv, statmod, rr2, semEff, tibble,
merDeriv",NA,GPL (>= 2),4.4.1
minqa,1.2.7,NA,NA,Rcpp (>= 0.9.10),Rcpp,NA,NA,GPL-2,4.4.1
nloptr,2.0.3,NA,NA,NA,testthat,"knitr, rmarkdown, xml2, testthat (>= 3.0.0), covr",NA,LGPL (>= 3),4.4.1
batchelor,1.20.0,NA,SingleCellExperiment,"SummarizedExperiment, S4Vectors, BiocGenerics, Rcpp, stats,
methods, utils, igraph, BiocNeighbors, BiocSingular, Matrix,
DelayedArray, DelayedMatrixStats, BiocParallel, scuttle,
ResidualMatrix, ScaledMatrix, beachmat",Rcpp,"testthat, BiocStyle, knitr, rmarkdown, scran, scater,
bluster, scRNAseq",NA,GPL-3,4.4.1
ResidualMatrix,1.14.0,NA,NA,"methods, Matrix, S4Vectors, DelayedArray",NA,"testthat, BiocStyle, knitr, rmarkdown, BiocSingular",NA,GPL-3,4.4.1
terra,1.7-78,NA,R (>= 3.5.0),"methods, Rcpp (>= 1.0-10)",Rcpp,"parallel, tinytest, ncdf4, sf (>= 0.9-8), deldir, XML,
leaflet (>= 2.2.1), htmlwidgets",NA,GPL (>= 3),4.4.1
hdWGCNA,0.3.01,NA,"R (>= 2.10),
harmony (>= 1.0.1),
Seurat (>= 4.0.0),
ggrepel (>= 0.9.0),
WGCNA,
igraph","WGCNA, Seurat, Matrix, harmony, igraph, ggplot2, dplyr, tester, proxy",NA,testthat (>= 3.0.0),NA,GNU GPLv3,4.4.1
WGCNA,1.72-5,NA,"R (>= 3.0), dynamicTreeCut (>= 1.62), fastcluster","stats, grDevices, utils, matrixStats (>= 0.8.1), Hmisc,
impute, splines, foreach, doParallel, preprocessCore, survival,
parallel, GO.db, AnnotationDbi, Rcpp (>= 0.11.0)",Rcpp,"org.Hs.eg.db, org.Mm.eg.db, infotheo, entropy, minet",NA,GPL (>= 2),4.4.1
AnnotationDbi,1.66.0,NA,"R (>= 2.7.0), methods, stats4, BiocGenerics (>= 0.29.2),
Biobase (>= 1.17.0), IRanges","DBI, RSQLite, S4Vectors (>= 0.9.25), stats, KEGGREST",NA,"utils, hgu95av2.db, GO.db, org.Sc.sgd.db, org.At.tair.db,
RUnit, TxDb.Hsapiens.UCSC.hg19.knownGene, org.Hs.eg.db,
reactome.db, AnnotationForge, graph, EnsDb.Hsapiens.v75,
BiocStyle, knitr",NA,Artistic-2.0,4.4.1
KEGGREST,1.44.0,NA,R (>= 3.5.0),"methods, httr, png, Biostrings",NA,"RUnit, BiocGenerics, knitr, markdown",NA,Artistic-2.0,4.4.1
Biostrings,2.72.1,NA,"R (>= 4.0.0), BiocGenerics (>= 0.37.0), S4Vectors (>=
0.27.12), IRanges (>= 2.31.2), XVector (>= 0.37.1),
GenomeInfoDb","methods, utils, grDevices, stats, crayon","S4Vectors, IRanges, XVector","graphics, pwalign, BSgenome (>= 1.13.14),
BSgenome.Celegans.UCSC.ce2 (>= 1.3.11),
BSgenome.Dmelanogaster.UCSC.dm3 (>= 1.3.11),
BSgenome.Hsapiens.UCSC.hg18, drosophila2probe, hgu95av2probe,
hgu133aprobe, GenomicFeatures (>= 1.3.14), hgu95av2cdf, affy
(>= 1.41.3), affydata (>= 1.11.5), RUnit, BiocStyle, knitr",NA,Artistic-2.0,4.4.1
RSQLite,2.3.7,NA,R (>= 3.1.0),"bit64, blob (>= 1.2.0), DBI (>= 1.2.0), memoise, methods,
pkgconfig, rlang","plogr (>= 0.2.0), cpp11 (>= 0.4.0)","callr, DBItest (>= 1.8.0), gert, gh, hms, knitr, magrittr,
rmarkdown, rvest, testthat (>= 3.0.0), withr, xml2",NA,LGPL (>= 2.1),4.4.1
plogr,0.2.0,NA,NA,NA,NA,Rcpp,NA,MIT + file LICENSE,4.4.1
doParallel,1.0.17,NA,"R (>= 2.14.0), foreach (>= 1.2.0), iterators (>= 1.0.0),
parallel, utils",NA,NA,"caret, mlbench, rpart, RUnit",compiler,GPL-2,4.4.1
foreach,1.5.2,NA,R (>= 2.5.0),"codetools, utils, iterators",NA,"randomForest, doMC, doParallel, testthat, knitr, rmarkdown",NA,Apache License (== 2.0),4.4.1
dynamicTreeCut,1.63-1,NA,"R (>= 2.3.0), stats",NA,NA,NA,NA,GPL (>= 2),4.4.1
fastcluster,1.2.6,NA,R (>= 3.0.0),NA,NA,NA,"stats, flashClust",FreeBSD | GPL-2 | file LICENSE,4.4.1
GO.db,3.19.1,NA,"R (>= 2.7.0), methods, AnnotationDbi (>= 1.65.2)",NA,NA,DBI,NA,Artistic-2.0,4.4.1
Hmisc,5.1-3,NA,R (>= 4.1.0),"methods, ggplot2, cluster, rpart, nnet, foreign, gtable, grid,
gridExtra, data.table, htmlTable (>= 1.11.0), viridis,
htmltools, base64enc, colorspace, rmarkdown, knitr, Formula",NA,"survival, qreport, acepack, chron, rms, mice, rstudioapi,
tables, plotly (>= 4.5.6), rlang, plyr, VGAM, leaps, pcaPP,
digest, parallel, polspline, abind, kableExtra, rio, lattice,
latticeExtra, gt, sparkline, jsonlite, htmlwidgets, qs,
getPass, keyring, safer, htm2txt",NA,GPL (>= 2),4.4.1
foreign,0.8-86,recommended,R (>= 4.0.0),"methods, utils, stats",NA,NA,NA,GPL (>= 2),4.4.1
Formula,1.2-5,NA,"R (>= 2.0.0), stats",NA,NA,NA,NA,GPL-2 | GPL-3,4.4.1
htmlTable,2.4.2,NA,R (>= 4.1),"stringr, knitr (>= 1.6), magrittr (>= 1.5), methods,
checkmate, htmlwidgets, htmltools, rstudioapi (>= 0.6)",NA,"testthat, XML, xml2, Hmisc, rmarkdown, chron, lubridate,
tibble, purrr, tidyselect, glue, rlang, tidyr (>= 0.7.2), dplyr
(>= 0.7.4)",NA,GPL (>= 3),4.4.1
nnet,7.3-19,recommended,"R (>= 3.0.0), stats, utils",NA,NA,MASS,NA,GPL-2 | GPL-3,4.4.1
rpart,4.1.23,recommended,"R (>= 2.15.0), graphics, stats, grDevices",NA,NA,survival,NA,GPL-2 | GPL-3,4.4.1
impute,1.78.0,NA,R (>= 2.10),NA,NA,NA,NA,GPL-2,4.4.1
preprocessCore,1.66.0,NA,NA,stats,NA,NA,NA,LGPL (>= 2),4.4.1
harmony,1.2.0,NA,"R(>= 3.5.0), Rcpp","dplyr, cowplot, ggplot2, Matrix, methods, tibble, rlang,
RhpcBLASctl","Rcpp, RcppArmadillo, RcppProgress","SingleCellExperiment, Seurat (>= 4.1.1), testthat, knitr,
rmarkdown, ggthemes, ggrepel, patchwork, tidyverse, tidyr,
data.table",NA,GPL-3,4.4.1
tester,0.2.0,NA,R (>= 3.0),NA,NA,"testthat, knitr",NA,GPL-3,4.4.1
presto,1.0.0,NA,"R (>= 3.4.0), Rcpp, data.table","dplyr,
methods,
tidyr,
purrr,
tibble,
Matrix,
rlang,
stats,
utils","Rcpp, RcppArmadillo","knitr,
rmarkdown,
testthat,
Seurat,
SingleCellExperiment,
SummarizedExperiment,
broom,
BiocStyle,
DESeq2",NA,GPL-3,4.4.1
DoubletFinder,2.0.4,NA,NA,"fields, KernSmooth, ROCR, parallel",NA,NA,NA,CC-0,4.4.1
fields,15.2,NA,"R (>= 3.5.0), methods, spam, viridisLite",maps,NA,NA,NA,GPL (>= 2),4.4.1
maps,3.4.2,NA,R (>= 3.5.0),"graphics, utils",NA,"mapproj (>= 1.2-0), mapdata (>= 2.3.0), sp, rnaturalearth",NA,GPL-2,4.4.1
SeuratDisk,0.0.0.9021,NA,R (>= 3.6.0),"cli (>= 2.0.1),
crayon (>= 1.3.4),
hdf5r (>= 1.3.0),
Matrix (>= 1.2.18),
methods (>= 3.6.0),
R6 (>= 2.4.1),
rlang (>= 0.4.4),
Seurat (>= 3.2.0),
SeuratObject (>= 4.0.0),
stats,
stringi (>= 1.4.6),
tools,
utils,
withr (>= 2.1.2)",NA,"httr,
knitr,
rmarkdown,
SeuratData",NA,GPL-3 | file LICENSE,4.4.1
base,4.4.1,base,NA,NA,NA,methods,"chron, date, round",Part of R 4.4.1,4.4.1
compiler,4.4.1,base,NA,NA,NA,NA,NA,Part of R 4.4.1,4.4.1
datasets,4.4.1,base,NA,NA,NA,NA,NA,Part of R 4.4.1,4.4.1
graphics,4.4.1,base,NA,grDevices,NA,NA,vcd,Part of R 4.4.1,4.4.1
grDevices,4.4.1,base,NA,NA,NA,KernSmooth,NA,Part of R 4.4.1,4.4.1
grid,4.4.1,base,NA,"grDevices, utils",NA,NA,NA,Part of R 4.4.1,4.4.1
methods,4.4.1,base,NA,"utils, stats",NA,codetools,NA,Part of R 4.4.1,4.4.1
parallel,4.4.1,base,NA,"tools, compiler",NA,methods,"snow, Rmpi",Part of R 4.4.1,4.4.1
splines,4.4.1,base,NA,"graphics, stats",NA,"Matrix, methods",NA,Part of R 4.4.1,4.4.1
stats,4.4.1,base,NA,"utils, grDevices, graphics",NA,"MASS, Matrix, SuppDists, methods, stats4","Kendall, coin, multcomp, pcaPP, pspearman, robustbase",Part of R 4.4.1,4.4.1
stats4,4.4.1,base,NA,"graphics, methods, stats",NA,NA,NA,Part of R 4.4.1,4.4.1
tcltk,4.4.1,base,NA,utils,NA,NA,NA,Part of R 4.4.1,4.4.1
tools,4.4.1,base,NA,NA,NA,"codetools, methods, xml2, curl, commonmark, knitr, xfun, mathjaxr, V8",NA,Part of R 4.4.1,4.4.1
utils,4.4.1,base,NA,NA,NA,"methods, xml2, commonmark, knitr, jsonlite",NA,Part of R 4.4.1,4.4.1
